<?xml version="1.0" encoding="utf-8"?>
<mt id="210" name="Notice to Receive" xmlns:xsi="http://www.w3.org/2001/XMLSchema-instance"
    xsi:noNamespaceSchemaLocation="mt_schema.xsd">
    <sequence id="1" shortName="DUMMY" name="" status="M" repetitive="N">
        <field id="1" tag="20" status="M" repetitive="N" firstOfSequence="Y">
            <qualifier></qualifier>
            <genericFieldName></genericFieldName>
            <detailedFieldName>Transaction Reference Number</detailedFieldName>
            <content>
                <format>20</format>
            </content>
        </field>
        <field id="2" tag="25" status="O" repetitive="N">
            <qualifier></qualifier>
            <genericFieldName></genericFieldName>
            <detailedFieldName>Account Identification</detailedFieldName>
            <content>
                <format>25</format>
            </content>
        </field>
        <field id="3" tag="30" status="M" repetitive="N">
            <qualifier></qualifier>
            <genericFieldName></genericFieldName>
            <detailedFieldName>Value Date</detailedFieldName>
            <content>
                <format>30</format>
            </content>
        </field>
        <sequence id="2" parentSequenceId="1" status="M" repetitive="Y"
            shortName="DUMMY" name="">
            <field id="4" tag="21" status="M" repetitive="N" firstOfSequence="Y">
                <qualifier></qualifier>
                <genericFieldName></genericFieldName>
                <detailedFieldName>Related Reference</detailedFieldName>
                <content>
                    <format>21</format>
                </content>
            </field>
            <field id="5" tag="32B" status="M" repetitive="N">
                <qualifier></qualifier>
                <genericFieldName></genericFieldName>
                <detailedFieldName>Currency Code, Amount</detailedFieldName>
                <content>
                    <format>32B</format>
                </content>
            </field>
            <field id="6" tag="50a" status="O" repetitive="N">
                <qualifier></qualifier>
                <genericFieldName></genericFieldName>
                <detailedFieldName>Ordering Customer</detailedFieldName>
                <options>
                    <option name="">
                        <format>50</format>
                    </option>
                    <option name="C">
                        <format>50C</format>
                    </option>
                    <option name="F">
                        <format>50F</format>
                    </option>
                </options>
            </field>
            <field id="7" tag="52a" status="O" repetitive="N">
                <qualifier></qualifier>
                <genericFieldName></genericFieldName>
                <detailedFieldName>Ordering Institution</detailedFieldName>
                <options>
                    <option name="A">
                        <format>52A</format>
                    </option>
                    <option name="D">
                        <format>52D</format>
                    </option>
                </options>
            </field>
            <field id="8" tag="56a" status="O" repetitive="N" lastOfSequence="Y">
                <qualifier></qualifier>
                <genericFieldName></genericFieldName>
                <detailedFieldName>Intermediary</detailedFieldName>
                <options>
                    <option name="A">
                        <format>56A</format>
                    </option>
                    <option name="D">
                        <format>56D</format>
                    </option>
                </options>
            </field>
        </sequence>
    </sequence>
</mt>