<?xml version="1.0" encoding="utf-8"?>
<mt id="506" name="Collateral and Exposure Statement" xmlns:xsi="http://www.w3.org/2001/XMLSchema-instance"
    xsi:noNamespaceSchemaLocation="mt_schema.xsd">
    <sequence id="1" shortName="A" name="Mandatory Sequence A General Information" status="M" repetitive="N"
        nextSequenceId="4">
        <field id="1" tag="16R" status="M" repetitive="N" firstOfSequence="Y">
            <qualifier />
            <genericFieldName />
            <detailedFieldName>Start of Block</detailedFieldName>
            <content>
                <value>GENL</value>
            </content>
        </field>
        <field id="2" tag="28E" status="M" repetitive="N">
            <qualifier></qualifier>
            <genericFieldName>Reference</genericFieldName>
            <detailedFieldName>Page Number/Contination Indicator</detailedFieldName>
            <content>
                <format>28E</format>
            </content>
        </field>
        <field id="3" tag="20C" status="M" repetitive="Y" repetitiveEnd="Y" repetitiveStart="Y">
            <qualifier>
                <format>4!c</format>
            </qualifier>
            <genericFieldName>Reference</genericFieldName>
            <detailedFieldName></detailedFieldName>
            <content>
                <format>20C</format>
            </content>
        </field>
        <field id="4" tag="23G" status="M" repetitive="N">
            <qualifier />
            <genericFieldName />
            <detailedFieldName>Function of the Message</detailedFieldName>
            <content>
                <format>23G</format>
            </content>
        </field>
        <sequence id="2" parentSequenceId="1" nextSequenceId="3" shortName="A1" 
            name="Mandatory Repetitive Subsequence A1 Agreement" repetitive="Y" status="M">
            <field id="5" tag="16R" status="M" repetitive="N" firstOfSequence="Y">
                <qualifier></qualifier>
                <genericFieldName></genericFieldName>
                <detailedFieldName>Start of Block</detailedFieldName>
                <content>
                    <value>AGRE</value>
                </content>
            </field>
            <field id="6" tag="22F" status="O" repetitive="N">
                <qualifier>
                    <value>AGRE</value>
                </qualifier>
                <genericFieldName>Indicator</genericFieldName>
                <detailedFieldName>Agreement Indicator</detailedFieldName>
                <content>
                    <format>22F</format>
                </content>
            </field>
            <field id="7" tag="98A" status="O" repetitive="N">
                <qualifier>
                    <value>AGRE</value>
                </qualifier>
                <genericFieldName>Date</genericFieldName>
                <detailedFieldName>Agreement Date</detailedFieldName>
                <content>
                    <format>98A</format>
                </content>
            </field>
            <field id="8" tag="13B" status="O" repetitive="N">
                <qualifier>
                    <value>AGRE</value>
                </qualifier>
                <genericFieldName>Number</genericFieldName>
                <detailedFieldName>Agreement Version Number</detailedFieldName>
                <content>
                    <format>13B</format>
                </content>
            </field>
            <field id="9" tag="70C" status="O" repetitive="N">
                <qualifier>
                    <value>AGRE</value>
                </qualifier>
                <genericFieldName>Narrative</genericFieldName>
                <detailedFieldName>Agreement Narrative</detailedFieldName>
                <content>
                    <format>70C</format>
                </content>
            </field>
            <field id="10" tag="16S" status="M" repetitive="N" lastOfSequence="Y">
                <qualifier></qualifier>
                <genericFieldName></genericFieldName>
                <detailedFieldName>End of Block</detailedFieldName>
                <content>
                    <value>AGRE</value>
                </content>
            </field>     
        </sequence> <!-- End of Subsequence A1 -->
        <field id="11" tag="98a" status="O" repetitive="N">
            <qualifier>
                <value>PREP</value>
            </qualifier>
            <genericFieldName>Date/Time</genericFieldName>
            <detailedFieldName>Preparation Date/Time</detailedFieldName>
            <options>
                <option name="A">
                    <format>98A</format>
                </option>
                <option name="C">
                    <format>98C</format>
                </option>
                <option name="E">
                    <format>98E</format>
                </option>
            </options>
        </field>
        <field id="12" tag="22a" status="M" repetitive="N">
            <qualifier>
                <value>COLA</value>
            </qualifier>
            <genericFieldName>Indicator</genericFieldName>
            <detailedFieldName>Exposure Type Indicator</detailedFieldName>
            <options>
                <option name="F">
                    <format>22F</format>
                </option>
                <option name="H">
                    <format>22H</format>
                </option>
            </options>
        </field>
        <field id="13" tag="95a" status="M" repetitive="Y" repetitiveEnd="Y" repetitiveStart="Y">
            <qualifier>
                <format>4!c</format>
            </qualifier>
            <genericFieldName>Party</genericFieldName>
            <detailedFieldName></detailedFieldName>
            <options>
                <option name="P">
                    <format>95P</format>
                </option>
                <option name="Q">
                    <format>95Q</format>
                </option>
                <option name="R">
                    <format>95R</format>
                </option>
            </options>
        </field>
        <field id="14" tag="70C" status="O" repetitive="N">
            <qualifier>
                <value>PACO</value>
            </qualifier>
            <genericFieldName>Narrative</genericFieldName>
            <detailedFieldName>Party Narrative</detailedFieldName>
            <content>
                <format>70C</format>
            </content>
        </field>
        <sequence id="3" shortName="A2" name="Optional Repetitive Subsequence A2 Linkages" status="O"
            repetitive="Y" parentSequenceId="1">
            <field id="15" tag="16R" status="M" repetitive="N" firstOfSequence="Y">
                <qualifier />
                <genericFieldName />
                <detailedFieldName>Start of Block</detailedFieldName>
                <content>
                    <value>LINK</value>
                </content>
            </field>
            <field id="16" tag="13a" status="O" repetitive="N">
                <qualifier>
                    <value>LINK</value>
                </qualifier>
                <genericFieldName>Number Identification</genericFieldName>
                <detailedFieldName>Linked Message</detailedFieldName>
                <options>
                    <option name="A">
                        <format>13A</format>
                    </option>
                    <option name="B">
                        <format>13B</format>
                    </option>
                </options>
            </field>
            <field id="17" tag="20C" status="M" repetitive="N">
                <qualifier>
                    <format>4!c</format>
                </qualifier>
                <genericFieldName>Reference</genericFieldName>
                <detailedFieldName />
                <content>
                    <format>20C</format>
                </content>
            </field>
            <field id="18" tag="16S" status="M" repetitive="N" lastOfSequence="Y">
                <qualifier />
                <genericFieldName />
                <detailedFieldName>End of Block</detailedFieldName>
                <content>
                    <value>LINK</value>
                </content>
            </field>
        </sequence> <!-- End of Subsequence A2 -->
        <field id="19" tag="16S" status="M" repetitive="N" lastOfSequence="Y">
            <qualifier />
            <genericFieldName />
            <detailedFieldName>End of Block</detailedFieldName>
            <content>
                <value>GENL</value>
            </content>
        </field>
    </sequence> <!-- End of Sequence A -->
    <sequence id="4" shortName="B" name="Mandatory Sequence B Summary" 
        status="M" repetitive="N" nextSequenceId="6">
        <field id="20" tag="16R" status="M" repetitive="N" firstOfSequence="Y">
            <qualifier />
            <genericFieldName />
            <detailedFieldName>Start of Block</detailedFieldName>
            <content>
                <value>SUMM</value>
            </content>
        </field>
        <field id="21" tag="95a" status="M" repetitive="N">
            <qualifier>
                <value>EXPP</value>
            </qualifier>
            <genericFieldName>Party</genericFieldName>
            <detailedFieldName>Exposed Party</detailedFieldName>
            <options>
                <option name="P">
                    <format>95P</format>
                </option>
                <option name="Q">
                    <format>95Q</format>
                </option>
                <option name="R">
                    <format>95R</format>
                </option>
            </options>
        </field>
        <field id="22" tag="19B" status="M" repetitive="Y" repetitiveEnd="Y" repetitiveStart="Y">
            <qualifier>
                <format>4!c</format>
            </qualifier>
            <genericFieldName>Amount</genericFieldName>
            <detailedFieldName></detailedFieldName>
            <content>
                <format>19B</format>
            </content>
        </field>
        <field id="23" tag="98a" status="M" repetitive="Y" repetitiveEnd="Y" repetitiveStart="Y">
            <qualifier>
                <format>4!c</format>
            </qualifier>
            <genericFieldName>Date/Time</genericFieldName>
            <detailedFieldName></detailedFieldName>
            <options>
                <option name="A">
                    <format>98A</format>
                </option>
                <option name="C">
                    <format>98C</format>
                </option>
            </options>
        </field>
        <sequence id="5" parentSequenceId="4" status="O" repetitive="N"
            shortName="B1" name="Optional Subsequence B1 Summary Details" >
            <field id="24" tag="16R" status="M" repetitive="N" firstOfSequence="Y">
                <qualifier></qualifier>
                <genericFieldName></genericFieldName>
                <detailedFieldName>Start of Block</detailedFieldName>
                <content>
                    <value>SUMD</value>
                </content>
            </field>
            <field id="25" tag="19B" status="O" repetitive="Y" repetitiveEnd="Y" repetitiveStart="Y">
                <qualifier>
                    <format>4!c</format>
                </qualifier>
                <genericFieldName>Amount</genericFieldName>
                <detailedFieldName></detailedFieldName>
                <content>
                    <format>19B</format>
                </content>
            </field>
            <field id="26" tag="16S" status="M" repetitive="N" lastOfSequence="Y">
                <qualifier>
                    <value></value>
                </qualifier>
                <genericFieldName></genericFieldName>
                <detailedFieldName>End of Block</detailedFieldName>
                <content>
                    <value>SUMD</value>
                </content>
            </field>
        </sequence> <!-- End of Subsequence B1 -->
        <field id="27" tag="16S" status="M" repetitive="N" lastOfSequence="Y">
            <qualifier>
                <value></value>
            </qualifier>
            <genericFieldName></genericFieldName>
            <detailedFieldName>End of Block</detailedFieldName>
            <content>
                <value>SUMM</value>
            </content>
        </field>
    </sequence> <!-- End of Sequence B -->
    <sequence id="6" nextSequenceId="10" shortName="C" status="O" repetitive="Y" 
        name="Optional Repetitive Sequence C Exposure Valuation Details">
        <field id="28" tag="16R" status="M" repetitive="N" firstOfSequence="Y">
            <qualifier></qualifier>
            <genericFieldName></genericFieldName>
            <detailedFieldName>Start of Block</detailedFieldName>
            <content>
                <value>EXPD</value>
            </content>
        </field>
        <field id="29" tag="20C" status="O" repetitive="Y" repetitiveEnd="Y" repetitiveStart="Y">
            <qualifier>
                <format>4!c</format>
            </qualifier>
            <genericFieldName>Reference</genericFieldName>
            <detailedFieldName></detailedFieldName>
            <content>
                <format>20C</format>
            </content>
        </field>
        <field id="30" tag="22a" status="M" repetitive="N">
            <qualifier>
                <value>COLA</value>
            </qualifier>
            <genericFieldName>Indicator</genericFieldName>
            <detailedFieldName>Exposure Type Indicator</detailedFieldName> 
            <options>
                <option name="F">
                    <format>22F</format>
                </option>
                <option name="H">
                    <format>22H</format>
                </option>
            </options>
        </field>
        <field id="31" tag="98A" status="O" repetitive="N">
            <qualifier>
                <value>TRAD</value>
            </qualifier>
            <genericFieldName>Date</genericFieldName>
            <detailedFieldName>Trade Date</detailedFieldName>
            <content>
                <format>98A</format>
            </content>
        </field>
        <field id="32" tag="95a" status="O" repetitive="Y" repetitiveEnd="Y" repetitiveStart="Y">
            <qualifier>
                <format>4!c</format>
            </qualifier>
            <genericFieldName>Party</genericFieldName>
            <detailedFieldName></detailedFieldName>
            <options>
                <option name="P">
                    <format>95P</format>
                </option>
                <option name="Q">
                    <format>95Q</format>
                </option>
                <option name="R">
                    <format>95R</format>
                </option>
            </options>
        </field>
        <field id="33" tag="19A" status="M" repetitive="Y" repetitiveEnd="Y" repetitiveStart="Y">
            <qualifier>
                <format>4!c</format>
            </qualifier>
            <genericFieldName>Amount</genericFieldName>
            <detailedFieldName></detailedFieldName>
            <content>
                <format>19A</format>
            </content>
        </field>
        <field id="34" tag="99A" status="O" repetitive="N">
            <qualifier>
                <value>DAAC</value>
            </qualifier>
            <genericFieldName>Number Count</genericFieldName>
            <detailedFieldName>Number of Days Accrued</detailedFieldName>
            <content>
                <format>99A</format>
            </content>
        </field>
        <field id="35" tag="22F" status="O" repetitive="N">
            <qualifier>
                <value>MICO</value>
            </qualifier>
            <genericFieldName>Indicator</genericFieldName>
            <detailedFieldName>Method of Interest Computation Indicator</detailedFieldName>
            <content>
                <format>22F</format>
            </content>
        </field>
        <field id="36" tag="92a" status="M" repetitive="Y" repetitiveEnd="Y" repetitiveStart="Y">
            <qualifier>
                <format>4!c</format>
            </qualifier>
            <genericFieldName>Rate</genericFieldName>
            <detailedFieldName></detailedFieldName>
            <options>
                <option name="A">
                    <format>92A</format>
                </option>
                <option name="B">
                    <format>92B</format>
                </option>
            </options>
        </field>
        <field id="37" tag="70D" status="O" repetitive="N">
            <qualifier>
                <value>EXPO</value>
            </qualifier>
            <genericFieldName>Narrative</genericFieldName>
            <detailedFieldName>Exposure Narrative</detailedFieldName>
            <content>
                <format>70D</format>
            </content>
        </field>
        <sequence id="7" parentSequenceId="6" nextSequenceId="8" repetitive="N" status="O" 
            shortName="C1" name="Optional Subsequence C1 Securities Valuation Details">
            <field id="38" tag="16R" status="M" repetitive="N" firstOfSequence="Y">
                <qualifier></qualifier>
                <genericFieldName></genericFieldName>
                <detailedFieldName>Start of Block</detailedFieldName>
                <content>
                    <value>SECS</value>
                </content>
            </field>
            <field id="39" tag="19B" status="M" repetitive="N">
                <qualifier>
                    <value>MRKT</value>
                </qualifier>
                <genericFieldName>Amount</genericFieldName>
                <detailedFieldName>Market Price Amount</detailedFieldName>
                <content>
                    <format>19B</format>
                </content>
            </field>
            <field id="40" tag="35B" status="M" repetitive="N">
                <qualifier></qualifier>
                <genericFieldName></genericFieldName>
                <detailedFieldName>Identification of the Financial Instrument</detailedFieldName>
                <content>
                    <format>35B</format>
                </content>
            </field>
            <field id="41" tag="36B" status="M" repetitive="N">
                <qualifier>
                    <value>SECV</value>
                </qualifier>
                <genericFieldName>Quantity of Financial Instrument</genericFieldName>
                <detailedFieldName>Quantity of Securities Valued</detailedFieldName>
                <content>
                    <format>36B</format>
                </content>
            </field>
            <field id="42" tag="92A" status="M" repetitive="N">
                <qualifier>
                    <value>SHAI</value>
                </qualifier>
                <genericFieldName>Rate</genericFieldName>
                <detailedFieldName>Securities Haircut</detailedFieldName>
                <content>
                    <format>92A</format>
                </content>
            </field>
            <field id="43" tag="16S" status="M" repetitive="N" lastOfSequence="Y">
                <qualifier></qualifier>
                <genericFieldName></genericFieldName>
                <detailedFieldName>End of Block</detailedFieldName>
                <content>
                    <value>SECS</value>
                </content>
            </field>
        </sequence> <!-- End of Subsequence C1 -->
        <sequence id="8" parentSequenceId="6" nextSequenceId="9" repetitive="N" status="O"
            shortName="C2" name="Optional Subsequence C2 Treasury Valuation Details">
            <field id="44" tag="16R" status="M" repetitive="N" firstOfSequence="Y">
                <qualifier></qualifier>
                <genericFieldName></genericFieldName>
                <detailedFieldName>Start of Block</detailedFieldName>
                <content>
                    <value>TREA</value>
                </content>
            </field>
            <field id="45" tag="98A" status="M" repetitive="Y" repetitiveEnd="Y" repetitiveStart="Y">
                <qualifier>
                    <format>4!c</format>
                </qualifier>
                <genericFieldName>Date</genericFieldName>
                <detailedFieldName></detailedFieldName>
                <content>
                    <format>98A</format>
                </content>
            </field>
            <field id="46" tag="19B" status="O" repetitive="Y" repetitiveEnd="Y" repetitiveStart="Y">
                <qualifier>
                    <format>4!c</format>
                </qualifier>
                <genericFieldName>Amount</genericFieldName>
                <detailedFieldName></detailedFieldName>
                <content>
                    <format>19B</format>
                </content>
            </field>
            <field id="47" tag="70C" status="O" repetitive="N">
                <qualifier>
                    <value>COMI</value>
                </qualifier>
                <genericFieldName>Narrative</genericFieldName>
                <detailedFieldName>Commodity Index Narrative</detailedFieldName>
                <content>
                    <format>70C</format>
                </content>
            </field>
            <field id="48" tag="12B" status="O" repetitive="N">
                <qualifier>
                    <value>OPTI</value>
                </qualifier>
                <genericFieldName>Type of Financial Instrument</genericFieldName>
                <detailedFieldName>Option Type</detailedFieldName>
                <content>
                    <format>12B</format>
                </content>
            </field>
            <field id="49" tag="90a" status="O" repetitive="N">
                <qualifier>
                    <value>EXER</value>
                </qualifier>
                <genericFieldName>Price</genericFieldName>
                <detailedFieldName>Exercise Price</detailedFieldName>
                <options>
                    <option name="A">
                        <format>90A</format>
                    </option>
                    <option name="B">
                        <format>90B</format>
                    </option>
                </options>
            </field>
            <field id="50" tag="16S" status="M" repetitive="N" lastOfSequence="Y">
                <qualifier></qualifier>
                <genericFieldName></genericFieldName>
                <detailedFieldName>End of Block</detailedFieldName>
                <content>
                    <value>TREA</value>
                </content>
            </field>
        </sequence> <!-- End of Subsequence C2 -->
        <sequence id="9" parentSequenceId="6" shortName="C3" name="Optional Subsequence C3 Repo Valuation Details"
            repetitive="N" status="O">
            <field id="51" tag="16R" status="M" repetitive="N" firstOfSequence="Y">
                <qualifier></qualifier>
                <genericFieldName></genericFieldName>
                <detailedFieldName>Start of Block</detailedFieldName>
                <content>
                    <value>REPV</value>
                </content>
            </field>
            <field id="52" tag="98A" status="M" repetitive="Y" repetitiveEnd="Y" repetitiveStart="Y">
                <qualifier>
                    <format>4!c</format>
                </qualifier>
                <genericFieldName>Date</genericFieldName>
                <detailedFieldName></detailedFieldName>
                <content>
                    <format>98A</format>
                </content>
            </field>
            <field id="53" tag="19B" status="M" repetitive="Y" repetitiveEnd="Y" repetitiveStart="Y">
                <qualifier>
                    <format>4!c</format>
                </qualifier>
                <genericFieldName>Amount</genericFieldName>
                <detailedFieldName></detailedFieldName>
                <content>
                    <format>19B</format>
                </content>
            </field>
            <field id="54" tag="92A" status="M" repetitive="N">
                <qualifier>
                    <value>REPO</value>
                </qualifier>
                <genericFieldName>Rate</genericFieldName>
                <detailedFieldName>Repurchase Rate</detailedFieldName>
                <content>
                    <format>92A</format>
                </content>
            </field>
            <field id="55" tag="16S" status="M" repetitive="N" lastOfSequence="Y">
                <qualifier></qualifier>
                <genericFieldName></genericFieldName>
                <detailedFieldName>End of Block</detailedFieldName>
                <content>
                    <value>REPV</value>
                </content>
            </field>
        </sequence> <!-- End of Subsequence C3 -->
        <field id="56" tag="16S" status="M" repetitive="N" lastOfSequence="Y">
            <qualifier></qualifier>
            <genericFieldName></genericFieldName>
            <detailedFieldName>End of Block</detailedFieldName>
            <content>
                <value>EXPD</value>
            </content>
        </field>
    </sequence> <!-- End of Sequence C -->       
    <sequence id="10" nextSequenceId="14" shortName="D" name="Optional Repetitive Sequence D Collateral Details"
        repetitive="Y" status="O">
        <field id="57" tag="16R" status="M" repetitive="N" firstOfSequence="Y">
            <qualifier></qualifier>
            <genericFieldName></genericFieldName>
            <detailedFieldName>Start of Block</detailedFieldName>
            <content>
                <value>COLD</value>
            </content>
        </field>
        <field id="58" tag="20C" status="M" repetitive="N">
            <qualifier>
                <value>COLR</value>
            </qualifier>
            <genericFieldName>Reference</genericFieldName>
            <detailedFieldName>Collateral Reference</detailedFieldName>
            <content>
                <format>20C</format>
            </content>
        </field>
        <field id="59" tag="22H" status="M" repetitive="N">
            <qualifier>
                <value>COLL</value>
            </qualifier>
            <genericFieldName>Indicator</genericFieldName>
            <detailedFieldName>Collateral Type Indicator</detailedFieldName>
            <content>
                <format>22H</format>
            </content>
        </field>
        <field id="60" tag="25D" status="O" repetitive="N">
            <qualifier>
                <value>SETT</value>
            </qualifier>
            <genericFieldName>Status</genericFieldName>
            <detailedFieldName>Settlement Status</detailedFieldName>
            <content>
                <format>25D</format>
            </content>
        </field>
        <field id="61" tag="19B" status="M" repetitive="Y" repetitiveEnd="Y" repetitiveStart="Y">
            <qualifier>
                <format>4!c</format>
            </qualifier>
            <genericFieldName>Amount</genericFieldName>
            <detailedFieldName></detailedFieldName>
            <content>
                <format>19B</format>
            </content>
        </field>
        <field id="62" tag="99A" status="O" repetitive="N">
            <qualifier>
                <value>DAAC</value>
            </qualifier>
            <genericFieldName>Number Count</genericFieldName>
            <detailedFieldName>Number od Days Accrued</detailedFieldName>
            <content>
                <format>99A</format>
            </content>
        </field>
        <field id="63" tag="22F" status="O" repetitive="N">
            <qualifier>
                <value>MICO</value>
            </qualifier>
            <genericFieldName>Indicator</genericFieldName>
            <detailedFieldName>Method of Interest Computation Indicator</detailedFieldName>
            <content>
                <format>22F</format>
            </content>
        </field>
        <field id="64" tag="92a" status="M" repetitive="Y" repetitiveEnd="Y" repetitiveStart="Y">
            <qualifier>
                <format>4!c</format>
            </qualifier>
            <genericFieldName>Rate</genericFieldName>
            <detailedFieldName></detailedFieldName>
            <options>
                <option name="A">
                    <format>92A</format>
                </option>
                <option name="B">
                    <format>92B</format>
                </option>
            </options>
        </field>
        <sequence id="11" parentSequenceId="10" nextSequenceId="12" shortName="D1"
            name="Optional Subsequence D1 Securities Collateral Details" status="O" repetitive="N">
            <field id="65" tag="16R" status="M" repetitive="N" firstOfSequence="Y">
                <qualifier></qualifier>
                <genericFieldName></genericFieldName>
                <detailedFieldName>Start of Block</detailedFieldName>
                <content>
                    <value>SCOL</value>
                </content>
            </field>
            <field id="66" tag="19B" status="M" repetitive="N">
                <qualifier>
                    <value>MRKT</value>
                </qualifier>
                <genericFieldName>Amount</genericFieldName>
                <detailedFieldName>Market Price Amount</detailedFieldName>
                <content>
                    <format>19B</format>
                </content>
            </field>
            <field id="67" tag="35B" status="M" repetitive="N">
                <qualifier></qualifier>
                <genericFieldName></genericFieldName>
                <detailedFieldName>Identification of the Financial Instrument</detailedFieldName>
                <content>
                    <format>35B</format>
                </content>
            </field>
            <field id="68" tag="36B" status="M" repetitive="N">
                <qualifier>
                    <value>COLL</value>
                </qualifier>
                <genericFieldName>Quantity of Financial Instrument</genericFieldName>
                <detailedFieldName>Quantity of Securities Collateral</detailedFieldName>
                <content>
                    <format>36B</format>
                </content>
            </field>
            <field id="69" tag="92A" status="M" repetitive="N">
                <qualifier>
                    <value>SHAI</value>
                </qualifier>
                <genericFieldName>Rate</genericFieldName>
                <detailedFieldName>Securities Haircut</detailedFieldName>
                <content>
                    <format>92A</format>
                </content>
            </field>
            <field id="70" tag="98A" status="O" repetitive="N">
                <qualifier>
                    <value>EXPI</value>
                </qualifier>
                <genericFieldName>Date</genericFieldName>
                <detailedFieldName>Expiry Date</detailedFieldName>
                <content>
                    <format>98A</format>
                </content>
            </field>
            <field id="71" tag="94B" status="O" repetitive="Y" repetitiveEnd="Y" repetitiveStart="Y">
                <qualifier>
                    <format>4!c</format>
                </qualifier>
                <genericFieldName>Place</genericFieldName>
                <detailedFieldName></detailedFieldName>
                <content>
                    <format>94B</format>
                </content>
            </field>
            <field id="72" tag="70C" status="O" repetitive="N">
                <qualifier>
                    <value>RATS</value>
                </qualifier>
                <genericFieldName>Narrative</genericFieldName>
                <detailedFieldName>Rating Narrative</detailedFieldName>
                <content>
                    <format>70C</format>
                </content>
            </field>
            <field id="73" tag="16S" status="M" repetitive="N" lastOfSequence="Y">
                <qualifier></qualifier>
                <genericFieldName></genericFieldName>
                <detailedFieldName>End of Block</detailedFieldName>
                <content>
                    <value>SCOL</value>
                </content>
            </field>
        </sequence> <!-- End of Subsequence D1 -->
        <sequence id="12" nextSequenceId="13" parentSequenceId="10" shortName="D2"
            name="Optional Subsequence D2 Cash Collateral Details" status="O" repetitive="N">
            <field id="74" tag="16R" status="M" repetitive="N" firstOfSequence="Y">
                <qualifier></qualifier>
                <genericFieldName></genericFieldName>
                <detailedFieldName>Start of Block</detailedFieldName>
                <content>
                    <value>CCOL</value>
                </content>
            </field>
            <field id="75" tag="19B" status="M" repetitive="N">
                <qualifier>
                    <value>DEPO</value>
                </qualifier>
                <genericFieldName>Amount</genericFieldName>
                <detailedFieldName>Deposit Amount</detailedFieldName>
                <content>
                    <format>19B</format>
                </content>
            </field>
            <field id="76" tag="22H" status="M" repetitive="N">
                <qualifier>
                    <value>DEPO</value>
                </qualifier>
                <genericFieldName>Indicator</genericFieldName>
                <detailedFieldName>Type of Deposit Indicator</detailedFieldName>
                <content>
                    <format>22H</format>
                </content>
            </field>
            <field id="77" tag="98A" status="O" repetitive="N">
                <qualifier>
                    <value>TERM</value>
                </qualifier>
                <genericFieldName>Date</genericFieldName>
                <detailedFieldName>Maturity Date</detailedFieldName>
                <content>
                    <format>98A</format>
                </content>
            </field>
            <field id="78" tag="16S" status="M" repetitive="N" lastOfSequence="Y">
                <qualifier></qualifier>
                <genericFieldName></genericFieldName>
                <detailedFieldName>End of Block</detailedFieldName>
                <content>
                    <value>CCOL</value>
                </content>
            </field>
        </sequence> <!-- End of Subsequence D2 -->
        <sequence id="13" parentSequenceId="10" shortName="D3" name="Optional Subsequence D3 Other Collateral Details"
            status="O" repetitive="N">
            <field id="79" tag="16R" status="M" repetitive="N" firstOfSequence="Y">
                <qualifier></qualifier>
                <genericFieldName></genericFieldName>
                <detailedFieldName>Start of Block</detailedFieldName>
                <content>
                    <value>BCOL</value>
                </content>
            </field>
            <field id="80" tag="22H" status="M" repetitive="N">
                <qualifier>
                    <value>BCOL</value>
                </qualifier>
                <genericFieldName>Indicator</genericFieldName>
                <detailedFieldName>Type of Other Collateral Indicator</detailedFieldName>
                <content>
                    <format>22H</format>
                </content>
            </field>
            <field id="81" tag="98a" status="M" repetitive="Y" repetitiveEnd="Y" repetitiveStart="Y">
                <qualifier>
                    <format>4!c</format>
                </qualifier>
                <genericFieldName>Date/Time</genericFieldName>
                <detailedFieldName></detailedFieldName>
                <options>
                    <option name="A">
                        <format>98A</format>
                    </option>
                    <option name="B">
                        <format>98B</format>
                    </option>
                </options>
            </field>
            <field id="82" tag="95a" status="M" repetitive="N">
                <qualifier>
                    <value>ISSU</value>
                </qualifier>
                <genericFieldName>Party</genericFieldName>
                <detailedFieldName>Issuer</detailedFieldName>
                <options>
                    <option name="P">
                        <format>95P</format>
                    </option>
                    <option name="Q">
                        <format>95Q</format>
                    </option>
                    <option name="R">
                        <format>95R</format>
                    </option>
                </options>
            </field>
            <field id="83" tag="19B" status="M" repetitive="N">
                <qualifier>
                    <format>4!c</format>
                </qualifier>
                <genericFieldName>Amount</genericFieldName>
                <detailedFieldName></detailedFieldName>
                <content>
                    <format>19B</format>
                </content>
            </field>
            <field id="84" tag="16S" status="M" repetitive="N" lastOfSequence="Y">
                <qualifier></qualifier>
                <genericFieldName></genericFieldName>
                <detailedFieldName>End of Block</detailedFieldName>
                <content>
                    <value>BCOL</value>
                </content>
            </field>
        </sequence> <!--  End of Subsequence D3 -->
        <field id="85" tag="16S" status="M" repetitive="N" lastOfSequence="Y">
            <qualifier></qualifier>
            <genericFieldName></genericFieldName>
            <detailedFieldName>End of Block</detailedFieldName>
            <content>
                <value>COLD</value>
            </content>
        </field>
    </sequence> <!-- End of Sequence D -->
    <sequence id="14" shortName="E" name="Optional Sequence E Additional Information" 
        repetitive="N" status="O">
        <field id="86" tag="16R" status="M" repetitive="N" firstOfSequence="Y">
            <qualifier></qualifier>
            <genericFieldName></genericFieldName>
            <detailedFieldName>Start of Block</detailedFieldName>
            <content>
                <value>ADDINFO</value>
            </content>
        </field>
        <field id="87" tag="95a" status="O" repetitive="Y" repetitiveEnd="Y" repetitiveStart="Y">
            <qualifier>
                <format>4!c</format>
            </qualifier>
            <genericFieldName>Party</genericFieldName>
            <detailedFieldName></detailedFieldName>
            <options>
                <option name="P">
                    <format>95P</format>
                </option>
                <option name="Q">
                    <format>95Q</format>
                </option>
                <option name="R">
                    <format>95R</format>
                </option>
            </options>
        </field>
        <field id="88" tag="19A" status="O" repetitive="Y" repetitiveEnd="Y" repetitiveStart="Y">
            <qualifier>
                <format>4!c</format>
            </qualifier>
            <genericFieldName>Amount</genericFieldName>
            <detailedFieldName></detailedFieldName>
            <content>
                <format>19A</format>
            </content>
        </field>
        <field id="89" tag="16S" status="M" repetitive="N" lastOfSequence="Y">
            <qualifier></qualifier>
            <genericFieldName></genericFieldName>
            <detailedFieldName>End of Block</detailedFieldName>
            <content>
                <value>ADDINFO</value>
            </content>
        </field>
    </sequence> <!-- End of Sequence E -->
</mt>