<?xml version="1.0" encoding="utf-8"?>
<mt id="507" name="Collateral Status and Processing Advice" xmlns:xsi="http://www.w3.org/2001/XMLSchema-instance"
    xsi:noNamespaceSchemaLocation="mt_schema.xsd">
    <sequence id="1" shortName="A" name="Mandatory Sequence A General Information" status="M" repetitive="N"
        nextSequenceId="4">
        <field id="1" tag="16R" status="M" repetitive="N" firstOfSequence="Y">
            <qualifier />
            <genericFieldName />
            <detailedFieldName>Start of Block</detailedFieldName>
            <content>
                <value>GENL</value>
            </content>
        </field>
        <field id="2" tag="20C" status="M" repetitive="Y" repetitiveEnd="Y" repetitiveStart="Y">
            <qualifier>
                <format>4!c</format>
            </qualifier>
            <genericFieldName>Reference</genericFieldName>
            <detailedFieldName></detailedFieldName>
            <content>
                <format>20C</format>
            </content>
        </field>
        <field id="3" tag="23G" status="M" repetitive="N">
            <qualifier />
            <genericFieldName />
            <detailedFieldName>Function of the Message</detailedFieldName>
            <content>
                <format>23G</format>
            </content>
        </field>
        <sequence id="2" parentSequenceId="1" nextSequenceId="3" shortName="A1" 
            name="Mandatory Repetitive Subsequence A1 Agreement" repetitive="Y" status="M">
            <field id="4" tag="16R" status="M" repetitive="N" firstOfSequence="Y">
                <qualifier></qualifier>
                <genericFieldName></genericFieldName>
                <detailedFieldName>Start of Block</detailedFieldName>
                <content>
                    <value>AGRE</value>
                </content>
            </field>
            <field id="5" tag="22F" status="O" repetitive="N">
                <qualifier>
                    <value>AGRE</value>
                </qualifier>
                <genericFieldName>Indicator</genericFieldName>
                <detailedFieldName>Agreement Indicator</detailedFieldName>
                <content>
                    <format>22F</format>
                </content>
            </field>
            <field id="6" tag="98A" status="O" repetitive="N">
                <qualifier>
                    <value>AGRE</value>
                </qualifier>
                <genericFieldName>Date</genericFieldName>
                <detailedFieldName>Agreement Date</detailedFieldName>
                <content>
                    <format>98A</format>
                </content>
            </field>
            <field id="7" tag="13B" status="O" repetitive="N">
                <qualifier>
                    <value>AGRE</value>
                </qualifier>
                <genericFieldName>Number</genericFieldName>
                <detailedFieldName>Agreement Version Number</detailedFieldName>
                <content>
                    <format>13B</format>
                </content>
            </field>
            <field id="8" tag="70C" status="O" repetitive="N">
                <qualifier>
                    <value>AGRE</value>
                </qualifier>
                <genericFieldName>Narrative</genericFieldName>
                <detailedFieldName>Agreement Narrative</detailedFieldName>
                <content>
                    <format>70C</format>
                </content>
            </field>
            <field id="9" tag="16S" status="M" repetitive="N" lastOfSequence="Y">
                <qualifier></qualifier>
                <genericFieldName></genericFieldName>
                <detailedFieldName>End of Block</detailedFieldName>
                <content>
                    <value>AGRE</value>
                </content>
            </field>     
        </sequence> <!-- End of Subsequence A1 -->
        <field id="10" tag="98a" status="O" repetitive="N">
            <qualifier>
                <value>PREP</value>
            </qualifier>
            <genericFieldName>Date/Time</genericFieldName>
            <detailedFieldName>Preparation Date/Time</detailedFieldName>
            <options>
                <option name="A">
                    <format>98A</format>
                </option>
                <option name="C">
                    <format>98C</format>
                </option>
                <option name="E">
                    <format>98E</format>
                </option>
            </options>
        </field>
        <field id="11" tag="22a" status="M" repetitive="N">
            <qualifier>
                <value>COLA</value>
            </qualifier>
            <genericFieldName>Indicator</genericFieldName>
            <detailedFieldName>Exposure Type Indicator</detailedFieldName>
            <options>
                <option name="F">
                    <format>22F</format>
                </option>
                <option name="H">
                    <format>22H</format>
                </option>
            </options>
        </field>
        <field id="12" tag="95a" status="M" repetitive="Y" repetitiveEnd="Y" repetitiveStart="Y">
            <qualifier>
                <format>4!c</format>
            </qualifier>
            <genericFieldName>Party</genericFieldName>
            <detailedFieldName></detailedFieldName>
            <options>
                <option name="P">
                    <format>95P</format>
                </option>
                <option name="Q">
                    <format>95Q</format>
                </option>
                <option name="R">
                    <format>95R</format>
                </option>
            </options>
        </field>
        <field id="13" tag="25D" status="M" repetitive="N">
            <qualifier>
                <format>4!c</format>
            </qualifier>
            <genericFieldName>Status</genericFieldName>
            <detailedFieldName></detailedFieldName>
            <content>
                <format>25D</format>
            </content>
        </field>
        <field id="14" tag="24B" status="O" repetitive="N">
            <qualifier>
                <format>4!c</format>
            </qualifier>
            <genericFieldName>Reason</genericFieldName>
            <detailedFieldName></detailedFieldName>
            <content>
                <format>24B</format>
            </content>
        </field>
        <field id="15" tag="70a" status="O" repetitive="Y" repetitiveEnd="Y" repetitiveStart="Y">
            <qualifier>
                <format>4!c</format>
            </qualifier>
            <genericFieldName>Narrative</genericFieldName>
            <detailedFieldName></detailedFieldName>
            <options>
                <option name="C">
                    <format>70C</format>
                </option>
                <option name="D">
                    <format>70D</format>
                </option>
            </options>
        </field>
        <sequence id="3" shortName="A2" name="Mandatory Repetitive Subsequence A2 Linkages" status="M"
            repetitive="Y" parentSequenceId="1">
            <field id="16" tag="16R" status="M" repetitive="N" firstOfSequence="Y">
                <qualifier />
                <genericFieldName />
                <detailedFieldName>Start of Block</detailedFieldName>
                <content>
                    <value>LINK</value>
                </content>
            </field>
            <field id="17" tag="13a" status="O" repetitive="N">
                <qualifier>
                    <value>LINK</value>
                </qualifier>
                <genericFieldName>Number Identification</genericFieldName>
                <detailedFieldName>Linked Message</detailedFieldName>
                <options>
                    <option name="A">
                        <format>13A</format>
                    </option>
                    <option name="B">
                        <format>13B</format>
                    </option>
                </options>
            </field>
            <field id="18" tag="20C" status="M" repetitive="N">
                <qualifier>
                    <format>4!c</format>
                </qualifier>
                <genericFieldName>Reference</genericFieldName>
                <detailedFieldName />
                <content>
                    <format>20C</format>
                </content>
            </field>
            <field id="19" tag="16S" status="M" repetitive="N" lastOfSequence="Y">
                <qualifier />
                <genericFieldName />
                <detailedFieldName>End of Block</detailedFieldName>
                <content>
                    <value>LINK</value>
                </content>
            </field>
        </sequence> <!-- End of Subsequence A2 -->
        <field id="20" tag="16S" status="M" repetitive="N" lastOfSequence="Y">
            <qualifier />
            <genericFieldName />
            <detailedFieldName>End of Block</detailedFieldName>
            <content>
                <value>GENL</value>
            </content>
        </field>
    </sequence> <!-- End of Sequence A -->
    
    <sequence id="4" shortName="B" name="Optional Repetitive Sequence B Collateral Details" 
        status="O" repetitive="Y" nextSequenceId="10">
        <field id="21" tag="16R" status="M" repetitive="N" firstOfSequence="Y">
            <qualifier />
            <genericFieldName />
            <detailedFieldName>Start of Block</detailedFieldName>
            <content>
                <value>COLD</value>
            </content>
        </field>
        <field id="22" tag="20C" status="M" repetitive="N">
            <qualifier>
                <value>COLR</value>
            </qualifier>
            <genericFieldName>Reference</genericFieldName>
            <detailedFieldName>Collateral Reference</detailedFieldName>
            <content>
                <format>20C</format>
            </content>
        </field>
        <field id="23" tag="22H" status="M" repetitive="N">
            <qualifier>
                <value>COLL</value>
            </qualifier>
            <genericFieldName>Indicator</genericFieldName>
            <detailedFieldName>Collateral Type Indicator</detailedFieldName>
            <content>
                <format>22H</format>
            </content>
        </field>
        <field id="24" tag="25D" status="M" repetitive="N">
            <qualifier>
                <value>COLL</value>
            </qualifier>
            <genericFieldName>Status</genericFieldName>
            <detailedFieldName>Collateral Status</detailedFieldName>
            <content>
                <format>25D</format>
            </content>
        </field>
        <field id="25" tag="24B" status="O" repetitive="N">
            <qualifier>
                <value>REJT</value>
            </qualifier>
            <genericFieldName>Reason</genericFieldName>
            <detailedFieldName>Rejection Reason</detailedFieldName>
            <content>
                <format>24B</format>
            </content>
        </field>
        <field id="26" tag="70D" status="O" repetitive="N">
            <qualifier>
                <value>REAS</value>
            </qualifier>
            <genericFieldName>Narrative</genericFieldName>
            <detailedFieldName>Reason Narrative</detailedFieldName>
            <content>
                <format>70D</format>
            </content>
        </field>
        <sequence id="5" parentSequenceId="4" status="O" repetitive="N"
            shortName="B1" name="Optional Subsequence B1 General Settlement Details" >
            <field id="27" tag="16R" status="M" repetitive="N" firstOfSequence="Y">
                <qualifier></qualifier>
                <genericFieldName></genericFieldName>
                <detailedFieldName>Start of Block</detailedFieldName>
                <content>
                    <value>SETTL</value>
                </content>
            </field>
            <sequence id="6" parentSequenceId="5" nextSequenceId="8" shortName="B1a"
                name="Optional Subsequence B1a Settlement Details" repetitive="N" status="O">
                <field id="28" tag="16R" status="M" repetitive="N" firstOfSequence="Y">
                    <qualifier></qualifier>
                    <genericFieldName></genericFieldName>
                    <detailedFieldName>Start of Block</detailedFieldName>
                    <content>
                        <value>SETDET</value>
                    </content>
                </field>
                <field id="29" tag="22a" status="M" repetitive="Y" repetitiveEnd="Y" repetitiveStart="Y">
                    <qualifier>
                        <format>4!c</format>
                    </qualifier>
                    <genericFieldName>Indicator</genericFieldName>
                    <detailedFieldName></detailedFieldName>
                    <options>
                        <option name="F">
                            <format>22F</format>
                        </option>
                        <option name="H">
                            <format>22H</format>
                        </option>
                    </options>
                </field>
                <sequence id="7" parentSequenceId="6" shortName="B1a1"
                    name="Optional Repetitive Subsequence B1a1 Settlement Parties" repetitive="Y" status="O">
                    <field id="30" tag="16R" status="M" repetitive="N" firstOfSequence="Y">
                        <qualifier></qualifier>
                        <genericFieldName></genericFieldName>
                        <detailedFieldName>Start of Block</detailedFieldName>
                        <content>
                            <value>SETPRTY</value>
                        </content>
                    </field>
                    <field id="31" tag="95a" status="M" repetitive="Y" repetitiveEnd="Y" repetitiveStart="Y">
                        <qualifier>
                            <format>4!c</format>
                        </qualifier>
                        <genericFieldName>Party</genericFieldName>
                        <detailedFieldName></detailedFieldName>
                        <options>
                            <option name="C">
                                <format>95C</format>
                            </option>
                            <option name="P">
                                <format>95P</format>
                            </option>
                            <option name="Q">
                                <format>95Q</format>
                            </option>
                            <option name="R">
                                <format>95R</format>
                            </option>
                            <option name="S">
                                <format>95S</format>
                            </option>
                        </options>
                    </field>
                    <field id="32" tag="97a" status="O" repetitive="N">
                        <qualifier>
                            <value>SAFE</value>
                        </qualifier>
                        <genericFieldName>Account</genericFieldName>
                        <detailedFieldName>Safekeeping Account</detailedFieldName>
                        <options>
                            <option name="A">
                                <format>97A</format>
                            </option>
                            <option name="B">
                                <format>97B</format>
                            </option>
                        </options>
                    </field>
                    <field id="33" tag="70C" status="O" repetitive="N">
                        <qualifier>
                            <value>PACO</value>
                        </qualifier>
                        <genericFieldName>Narrative</genericFieldName>
                        <detailedFieldName>Party Narrative</detailedFieldName>
                        <content>
                            <format>70C</format>
                        </content>
                    </field>
                    <field id="34" tag="16S" status="M" repetitive="N" lastOfSequence="Y">
                        <qualifier></qualifier>
                        <genericFieldName></genericFieldName>
                        <detailedFieldName>End of Block</detailedFieldName>
                        <content>
                            <value>SETPRTY</value>
                        </content>
                    </field>
                </sequence> <!-- End of Subsequence B1a1 -->
                <field id="35" tag="16S" status="M" repetitive="N" lastOfSequence="Y">
                        <qualifier></qualifier>
                        <genericFieldName></genericFieldName>
                        <detailedFieldName>End of Block</detailedFieldName>
                        <content>
                            <value>SETDET</value>
                        </content>
                    </field>
            </sequence> <!-- End of Subsequence B1a -->
            <sequence id="8" parentSequenceId="5" shortName="B1b" name="Optional Subsequence B1b Cash Settlement Details"
                repetitive="N" status="O">
                <field id="36" tag="16R" status="M" repetitive="N" firstOfSequence="Y">
                    <qualifier></qualifier>
                    <genericFieldName></genericFieldName>
                    <detailedFieldName>Start of Block</detailedFieldName>
                    <content>
                        <value>CASHSET</value>
                    </content>
                </field>
                <field id="37" tag="22F" status="O" repetitive="N">
                    <qualifier>
                        <value>STCO</value>
                    </qualifier>
                    <genericFieldName>Indicator</genericFieldName>
                    <detailedFieldName>Settlement Transaction Condition Indicator</detailedFieldName>
                    <content>
                        <format>22F</format>
                    </content>
                </field>
                <sequence id="9" parentSequenceId="8" shortName="B1b1" name="Optional Repetitive Subsequence B1b1 Cash Parties"
                    status="O" repetitive="Y">
                    <field id="38" tag="16R" status="M" repetitive="N" firstOfSequence="Y">
                        <qualifier></qualifier>
                        <genericFieldName></genericFieldName>
                        <detailedFieldName>Start of Block</detailedFieldName>
                        <content>
                            <value>CSHPRTY</value>
                        </content>
                    </field>
                    <field id="39" tag="95a" status="M" repetitive="Y" repetitiveEnd="Y" repetitiveStart="Y">
                        <qualifier>
                            <format>4!c</format>
                        </qualifier>
                        <genericFieldName>Party</genericFieldName>
                        <detailedFieldName></detailedFieldName>
                        <options>
                            <option name="P">
                                <format>95P</format>
                            </option>
                            <option name="Q">
                                <format>95Q</format>
                            </option>
                            <option name="R">
                                <format>95R</format>
                            </option>
                            <option name="S">
                                <format>95S</format>
                            </option>
                        </options>
                    </field>
                    <field id="40" tag="97a" status="O" repetitive="Y" repetitiveEnd="Y" repetitiveStart="Y">
                        <qualifier>
                            <format>4!c</format>
                        </qualifier>
                        <genericFieldName>Account</genericFieldName>
                        <detailedFieldName></detailedFieldName>
                        <options>
                            <option name="A">
                                <format>97A</format>
                            </option>
                            <option name="E">
                                <format>97E</format>
                            </option>
                        </options>
                    </field>
                    <field id="41" tag="70C" status="O" repetitive="N">
                        <qualifier>
                            <value>PACO</value>
                        </qualifier>
                        <genericFieldName>Narrative</genericFieldName>
                        <detailedFieldName>Party Narrative</detailedFieldName>
                        <content>
                            <format>70C</format>
                        </content>
                    </field>
                    <field id="42" tag="16S" status="M" repetitive="N" lastOfSequence="Y">
                        <qualifier></qualifier>
                        <genericFieldName></genericFieldName>
                        <detailedFieldName>End of Block</detailedFieldName>
                        <content>
                            <value>CSHPRTY</value>
                        </content>
                    </field>
                </sequence> <!-- End of Subsequence B1b1 -->
                <field id="43" tag="16S" status="M" repetitive="N" lastOfSequence="Y">
                    <qualifier></qualifier>
                    <genericFieldName></genericFieldName>
                    <detailedFieldName>End of Block</detailedFieldName>
                    <content>
                        <value>CASHSET</value>
                    </content>
                </field>
            </sequence> <!-- End of Subsequence B1b -->
            <field id="44" tag="16S" status="M" repetitive="N" lastOfSequence="Y">
                <qualifier></qualifier>
                <genericFieldName></genericFieldName>
                <detailedFieldName>End of Block</detailedFieldName>
                <content>
                    <value>SETTL</value>
                </content>
            </field>
        </sequence> <!--  End of Subsequence B1 -->
        <field id="45" tag="16S" status="M" repetitive="N" lastOfSequence="Y">
            <qualifier></qualifier>
            <genericFieldName></genericFieldName>
            <detailedFieldName>End of Block</detailedFieldName>
            <content>
                <value>COLD</value>
            </content>
        </field>
    </sequence> <!-- End of Sequence B -->
    <sequence id="10" shortName="C" status="O" repetitive="N" 
        name="Optional Sequence C Additional Information">
        <field id="46" tag="16R" status="M" repetitive="N" firstOfSequence="Y">
            <qualifier></qualifier>
            <genericFieldName></genericFieldName>
            <detailedFieldName>Start of Block</detailedFieldName>
            <content>
                <value>ADDINFO</value>
            </content>
        </field>
        <field id="47" tag="95a" status="O" repetitive="Y" repetitiveEnd="Y" repetitiveStart="Y">
            <qualifier>
                <format>4!c</format>
            </qualifier>
            <genericFieldName>Party</genericFieldName>
            <detailedFieldName></detailedFieldName>
            <options>
                <option name="P">
                    <format>95P</format>
                </option>
                <option name="Q">
                    <format>95Q</format>
                </option>
                <option name="R">
                    <format>95R</format>
                </option>
            </options>
        </field>
        <field id="48" tag="16S" status="M" repetitive="N" lastOfSequence="Y">
            <qualifier></qualifier>
            <genericFieldName></genericFieldName>
            <detailedFieldName>End of Block</detailedFieldName>
            <content>
                <value>ADDINFO</value>
            </content>
        </field>
    </sequence> <!-- End of Sequence C -->       
</mt>