<?xml version="1.0" encoding="utf-8"?>
<mt id="510" name="Registration Status and Processing Advice" xmlns:xsi="http://www.w3.org/2001/XMLSchema-instance"
    xsi:noNamespaceSchemaLocation="mt_schema.xsd">
    <sequence id="1" shortName="A" name="Mandatory Sequence A General Information" status="M" repetitive="N"
        nextSequenceId="5">
        <field id="1" tag="16R" status="M" repetitive="N" firstOfSequence="Y">
            <qualifier />
            <genericFieldName />
            <detailedFieldName>Start of Block</detailedFieldName>
            <content>
                <value>GENL</value>
            </content>
        </field>
        <field id="2" tag="20C" status="M" repetitive="N">
            <qualifier>
                <value>SEME</value>
            </qualifier>
            <genericFieldName>Reference</genericFieldName>
            <detailedFieldName>Sender's Message Reference</detailedFieldName>
            <content>
                <format>20C</format>
            </content>
        </field>
        <field id="3" tag="23G" status="M" repetitive="N">
            <qualifier />
            <genericFieldName />
            <detailedFieldName>Function of the Message</detailedFieldName>
            <content>
                <format>23G</format>
            </content>
        </field>
        <field id="4" tag="98a" status="O" repetitive="N">
            <qualifier>
                <value>PREP</value>
            </qualifier>
            <genericFieldName>Date/Time</genericFieldName>
            <detailedFieldName>Preparation Date/Time</detailedFieldName>
            <options>
                <option name="A">
                    <format>98A</format>
                </option>
                <option name="C">
                    <format>98C</format>
                </option>
                <option name="E">
                    <format>98E</format>
                </option>
            </options>
        </field>
        <sequence id="2" shortName="A1" name="Mandatory Repetitive Subsequence A1 Linkages" status="M"
            repetitive="Y" nextSequenceId="3" parentSequenceId="1">
            <field id="5" tag="16R" status="M" repetitive="N" firstOfSequence="Y">
                <qualifier />
                <genericFieldName />
                <detailedFieldName>Start of Block</detailedFieldName>
                <content>
                    <value>LINK</value>
                </content>
            </field>
            <field id="6" tag="13a" status="O" repetitive="N">
                <qualifier>
                    <value>LINK</value>
                </qualifier>
                <genericFieldName>Number Identification</genericFieldName>
                <detailedFieldName>Linked Message</detailedFieldName>
                <options>
                    <option name="A">
                        <format>13A</format>
                    </option>
                    <option name="B">
                        <format>13B</format>
                    </option>
                </options>
            </field>
            <field id="7" tag="20C" status="M" repetitive="N">
                <qualifier>
                    <format>4!c</format>
                </qualifier>
                <genericFieldName>Reference</genericFieldName>
                <detailedFieldName />
                <content>
                    <format>20C</format>
                </content>
            </field>
            <field id="8" tag="16S" status="M" repetitive="N" lastOfSequence="Y">
                <qualifier />
                <genericFieldName />
                <detailedFieldName>End of Block</detailedFieldName>
                <content>
                    <value>LINK</value>
                </content>
            </field>
        </sequence>
        <sequence id="3" shortName="A2" name="Mandatory Repetitive Subsequence A2 Status" status="M"
            repetitive="Y" parentSequenceId="1">
            <field id="9" tag="16R" status="M" repetitive="N" firstOfSequence="Y">
                <qualifier />
                <genericFieldName />
                <detailedFieldName>Start of Block</detailedFieldName>
                <content>
                    <value>STAT</value>
                </content>
            </field>
            <field id="10" tag="25D" status="M" repetitive="N">
                <qualifier>
                    <format>4!c</format>
                </qualifier>
                <genericFieldName>Status</genericFieldName>
                <detailedFieldName />
                <content>
                    <format>25D</format>
                </content>
            </field>
            <sequence id="4" shortName="A2a" name="Optional Repetitive Subsequence A2a Reason" status="O"
                repetitive="Y" parentSequenceId="3">
                <field id="11" tag="16R" status="M" repetitive="N" firstOfSequence="Y">
                    <qualifier />
                    <genericFieldName />
                    <detailedFieldName>Start of Block</detailedFieldName>
                    <content>
                        <value>REAS</value>
                    </content>
                </field>
                <field id="12" tag="24B" status="M" repetitive="N">
                    <qualifier>
                        <format>4!c</format>
                    </qualifier>
                    <genericFieldName>Reason</genericFieldName>
                    <detailedFieldName></detailedFieldName>
                    <content>
                        <format>24B</format>
                    </content>
                </field>
                <field id="13" tag="70D" status="O" repetitive="N">
                    <qualifier>
                        <value>REAS</value>
                    </qualifier>
                    <genericFieldName>Narrative</genericFieldName>
                    <detailedFieldName></detailedFieldName>
                    <content>
                        <format>70D</format>
                    </content>
                </field>
                <field id="14" tag="16S" status="M" repetitive="N" lastOfSequence="Y">
                    <qualifier></qualifier>
                    <genericFieldName></genericFieldName>
                    <detailedFieldName>End of Block</detailedFieldName>
                    <content>
                        <value>REAS</value>
                    </content>
                </field>
            </sequence> <!-- A2a -->
            <field id="15" tag="16S" status="M" repetitive="N" lastOfSequence="Y">
                <qualifier></qualifier>
                <genericFieldName></genericFieldName>
                <detailedFieldName>End of Block</detailedFieldName>
                <content>
                    <value>STAT</value>
                </content>
            </field>
        </sequence> <!-- A2 -->
        <field id="16" tag="16S" status="M" repetitive="N" lastOfSequence="Y">
            <qualifier></qualifier>
            <genericFieldName></genericFieldName>
            <detailedFieldName>End of Block</detailedFieldName>
            <content>
                <value>GENL</value>
            </content>
        </field>
    </sequence> <!-- A -->
    <sequence id="5" shortName="B" name="Optional Sequence B Registration Details" status="O" repetitive="N"
        nextSequenceId="6">
        <field id="17" tag="16R" status="M" repetitive="N" firstOfSequence="Y">
            <qualifier></qualifier>
            <genericFieldName></genericFieldName>
            <detailedFieldName>Start of Block</detailedFieldName>
            <content>
                <value>REGDET</value>
            </content>
        </field>
        <field id="18" tag="20D" status="O" repetitive="Y" repetitiveStart="Y" repetitiveEnd="Y">
            <qualifier>
                <format>4!c</format>
            </qualifier>
            <genericFieldName>Reference</genericFieldName>
            <detailedFieldName></detailedFieldName>
            <content>
                <format>20D</format>
            </content>
        </field>
        <field id="19" tag="95a" status="O" repetitive="Y" repetitiveStart="Y" repetitiveEnd="Y">
            <qualifier>
                <format>4!c</format>
            </qualifier>
            <genericFieldName>Party</genericFieldName>
            <detailedFieldName></detailedFieldName>
            <options>
                <option name="P">
                    <format>95P</format>
                </option>
                <option name="R">
                    <format>95R</format>
                </option>
                <option name="S">
                    <format>95S</format>
                </option>
                <option name="U">
                    <format>95U</format>
                </option>
            </options>
        </field>
        <field id="20" tag="94a" status="O" repetitive="Y" repetitiveStart="Y" repetitiveEnd="Y">
            <qualifier>
                <format>4!c</format>
            </qualifier>
            <genericFieldName>Place</genericFieldName>
            <detailedFieldName></detailedFieldName>
            <options>
                <option name="C">
                    <format>94C</format>
                </option>
                <option name="D">
                    <format>94D</format>
                </option>
                <option name="G">
                    <format>94G</format>
                </option>
            </options>
        </field>
        <field id="21" tag="13B" status="O" repetitive="Y" repetitiveStart="Y" repetitiveEnd="Y">
            <qualifier>
                <format>4!c</format>
            </qualifier>
            <genericFieldName>Number Identification</genericFieldName>
            <detailedFieldName></detailedFieldName>
            <content>
                <format>13B</format>
            </content>
        </field>
        <field id="22" tag="98a" status="O" repetitive="Y" repetitiveStart="Y" repetitiveEnd="Y">
            <qualifier>
                <format>4!c</format>
            </qualifier>
            <genericFieldName>Date/Time</genericFieldName>
            <detailedFieldName></detailedFieldName>
            <options>
                <option name="A">
                    <format>98A</format>
                </option>
                <option name="C">
                    <format>98C</format>
                </option>
            </options>
        </field>
        <field id="23" tag="35B" status="O" repetitive="N">
            <qualifier></qualifier>
            <genericFieldName></genericFieldName>
            <detailedFieldName>Identification of the Financial Instrument</detailedFieldName>
            <content>
                <format>35B</format>
            </content>
        </field>
        <field id="24" tag="36B" status="O" repetitive="N">
            <qualifier>
                <value>QRET</value>
            </qualifier>
            <genericFieldName>Quantity of Financial Instrument</genericFieldName>
            <detailedFieldName>Quantity of Financial Instrument to be Registered</detailedFieldName>
            <content>
                <format>36B</format>
            </content>
        </field>
        <field id="25" tag="97A" status="O" repetitive="N">
            <qualifier>
                <value>SAFE</value>
            </qualifier>
            <genericFieldName>Account</genericFieldName>
            <detailedFieldName>Safekeeping Account</detailedFieldName>
            <content>
                <format>97A</format>
            </content>
        </field>
        <field id="26" tag="16S" status="M" repetitive="N" lastOfSequence="Y">
            <qualifier></qualifier>
            <genericFieldName></genericFieldName>
            <detailedFieldName>End of Block</detailedFieldName>
            <content>
                <value>REGDET</value>
            </content>
        </field>
    </sequence> <!-- B -->
    <sequence id="6" shortName="C" name="Optional Sequence C Additional Information" status="O" repetitive="N">
        <field id="27" tag="16R" status="M" repetitive="N" firstOfSequence="Y">
            <qualifier></qualifier>
            <genericFieldName></genericFieldName>
            <detailedFieldName>Start of Block</detailedFieldName>
            <content>
                <value>ADDINFO</value>
            </content>
        </field>
        <field id="28" tag="95a" status="O" repetitive="Y" repetitiveStart="Y" repetitiveEnd="Y">
            <qualifier>
                <format>4!c</format>
            </qualifier>
            <genericFieldName>Party</genericFieldName>
            <detailedFieldName></detailedFieldName>
            <options>
                <option name="P">
                    <format>95P</format>
                </option>
                <option name="Q">
                    <format>95Q</format>
                </option>
                <option name="R">
                    <format>95R</format>
                </option>
            </options>
        </field>
        <field id="29" tag="16S" status="M" repetitive="N" lastOfSequence="Y">
            <qualifier></qualifier>
            <genericFieldName></genericFieldName>
            <detailedFieldName>End of Block</detailedFieldName>
            <content>
                <value>ADDINFO</value>
            </content>
        </field>
    </sequence>
</mt>