<?xml version="1.0" encoding="utf-8"?>
<mt id="527" name="Triparty Collateral Instruction" xmlns:xsi="http://www.w3.org/2001/XMLSchema-instance"
    xsi:noNamespaceSchemaLocation="mt_schema.xsd">
    
    <sequence id="1" nextSequenceId="4" shortName="A" name="Mandatory Sequence A General Information" status="M" repetitive="N">
        <field id="1" tag="16R" status="M" repetitive="N" firstOfSequence="Y">
            <qualifier />
            <genericFieldName />
            <detailedFieldName>Start of Block</detailedFieldName>
            <content>
                <value>GENL</value>
            </content>
        </field>
        <field id="2" tag="28E" status="M" repetitive="N">
            <qualifier></qualifier>
            <genericFieldName></genericFieldName>
            <detailedFieldName>Page Number/Continuation Indicator</detailedFieldName>
            <content>
                <format>28E</format>
            </content>
        </field>
        <field id="3" tag="20C" status="M" repetitive="Y" repetitiveEnd="Y" repetitiveStart="Y">
            <qualifier>
                <format>4!c</format>
            </qualifier>
            <genericFieldName>Reference</genericFieldName>
            <detailedFieldName></detailedFieldName>
            <content>
                <format>20C</format>
            </content>
        </field>
        <field id="4" tag="23G" status="M" repetitive="N">
            <qualifier />
            <genericFieldName />
            <detailedFieldName>Function of the Message</detailedFieldName>
            <content>
                <format>23G</format>
            </content>
        </field>
        <field id="5" tag="98a" status="M" repetitive="Y" repetitiveEnd="Y" repetitiveStart="Y">
            <qualifier>
                <format>4!c</format>
            </qualifier>
            <genericFieldName>Date/Time</genericFieldName>
            <detailedFieldName>Preparation Date/Time</detailedFieldName>
            <options>
                <option name="A">
                    <format>98A</format>
                </option>
                <option name="C">
                    <format>98C</format>
                </option>
                <option name="E">
                    <format>98E</format>
                </option>
            </options>
        </field>
        <field id="6" tag="22a" status="M" repetitive="Y" repetitiveEnd="Y" repetitiveStart="Y">
            <qualifier>
                <format>4!c</format>
            </qualifier>
            <genericFieldName>Indicator</genericFieldName>
            <detailedFieldName></detailedFieldName>
            <options>
                <option name="F">
                    <format>22F</format>
                </option>
                <option name="H">
                    <format>22H</format>
                </option>
            </options>
        </field>
        <field id="7" tag="13B" status="O" repetitive="Y" repetitiveEnd="Y" repetitiveStart="Y">
            <qualifier>
                <format>4!c</format>
            </qualifier>
            <genericFieldName>Number</genericFieldName>
            <detailedFieldName></detailedFieldName>
            <content>
                <format>13B</format>
            </content>
        </field>
        <field id="8" tag="25D" status="O" repetitive="N">
            <qualifier>
                <value>REST</value>
            </qualifier>
            <genericFieldName>Status</genericFieldName>
            <detailedFieldName>Response Status</detailedFieldName>
            <content>
                <format>25D</format>
            </content>
        </field>
        <sequence id="2" parentSequenceId="1" nextSequenceId="3" status="M" repetitive="Y" 
            shortName="A1" name="Mandatory Repetitive Subsequence A1 Collateral Parties">
            <field id="9" tag="16R" status="M" repetitive="N" firstOfSequence="Y">
                <qualifier />
                <genericFieldName />
                <detailedFieldName>Start of Block</detailedFieldName>
                <content>
                    <value>COLLPRTY</value>
                </content>
            </field>
            <field id="10" tag="95a" status="M" repetitive="Y" repetitiveEnd="Y" repetitiveStart="Y">
                <qualifier>
                    <format>4!c</format>
                </qualifier>
                <genericFieldName>Party</genericFieldName>
                <detailedFieldName>Account Owner</detailedFieldName>
                <options>
                    <option name="P">
                        <format>95P</format>
                    </option>
                    <option name="Q">
                        <format>95Q</format>
                    </option>
                    <option name="R">
                        <format>95R</format>
                    </option>
                </options>
            </field>
            <field id="11" tag="97a" status="O" repetitive="N">
                <qualifier>
                    <value>SAFE</value>
                </qualifier>
                <genericFieldName>Account</genericFieldName>
                <detailedFieldName>Safekeeping Account</detailedFieldName>
                <options>
                    <option name="A">
                        <format>97A</format>
                    </option>
                    <option name="B">
                        <format>97B</format>
                    </option>
                </options>
            </field>
            <field id="12" tag="22F" status="O" repetitive="N">
                <qualifier>
                    <value>TRCA</value>
                </qualifier>
                <genericFieldName>Indicator</genericFieldName>
                <detailedFieldName>Party Capacity Indicator</detailedFieldName>
                <content>
                    <format>22F</format>            
                </content>
            </field>
            <field id="13" tag="16S" lastOfSequence="Y" status="M" repetitive="N">
                <qualifier></qualifier>
                <genericFieldName></genericFieldName>
                <detailedFieldName>End of Block</detailedFieldName>
                <content>
                    <value>COLLPRTY</value>
                </content>
            </field>
        </sequence> <!-- End of Subsequence A1 -->
        <field id="14" tag="70E" status="O" repetitive="Y" repetitiveEnd="Y" repetitiveStart="Y">
            <qualifier>
                <format>4!c</format>
            </qualifier>
            <genericFieldName>Narrative</genericFieldName>
            <detailedFieldName></detailedFieldName>
            <content>
                <format>70E</format>
            </content>
        </field>
        <sequence id="3" parentSequenceId="1" status="O" repetitive="Y"
            shortName="C2" name="Optional Repetitive Subsequence A2 Linkages">
            <field id="15" tag="16R" firstOfSequence="Y" status="M" repetitive="N">
                <qualifier></qualifier>
                <genericFieldName></genericFieldName>
                <detailedFieldName>Start of Block</detailedFieldName>
                <content>
                    <value>LINK</value>
                </content>
            </field>
        
            <field id="16" tag="13a" status="O" repetitive="N">
                <qualifier>
                    <value>LINK</value>
                </qualifier>
                <genericFieldName>Number Identification</genericFieldName>
                <detailedFieldName>Linked Message</detailedFieldName>
                <options>
                    <option name="A">
                        <format>13A</format>
                    </option>
                    <option name="B">
                        <format>13B</format>
                    </option>
                </options>
            </field>
            <field id="17" tag="20C" status="M" repetitive="N">
                <qualifier>
                    <format>4!c</format>
                </qualifier>
                <genericFieldName>Reference</genericFieldName>
                <detailedFieldName></detailedFieldName>
                <content>
                    <format>20C</format>
                </content>
            </field>
            <field id="18" tag="16S" lastOfSequence="Y" status="M" repetitive="N">
                <qualifier></qualifier>
                <genericFieldName></genericFieldName>
                <detailedFieldName>End of Block</detailedFieldName>
                <content>
                    <value>LINK</value>
                </content>
            </field>
        </sequence> <!-- End of Subsequence A2 -->
        <field id="19" tag="16S" lastOfSequence="Y" status="M" repetitive="N">
            <qualifier></qualifier>
            <genericFieldName></genericFieldName>
            <detailedFieldName>End of Block</detailedFieldName>
            <content>
                <value>GENL</value>
            </content>
        </field>
    </sequence>  <!-- End of Sequence A -->
    <sequence id="4" nextSequenceId="5" repetitive="N" status="O" 
        shortName="B" name="Optional Sequence B Deal Transaction Details">
        <field id="20" tag="16R" firstOfSequence="Y" status="M" repetitive="N">
            <qualifier></qualifier>
            <genericFieldName></genericFieldName>
            <detailedFieldName>Start of Block</detailedFieldName>
            <content>
                <value>DEALTRAN</value>
            </content>
        </field>
        <field id="21" tag="94B" status="O" repetitive="N">
            <qualifier>
                <value>TRAD</value>
            </qualifier>
            <genericFieldName>Place</genericFieldName>
            <detailedFieldName>Place of Trade</detailedFieldName>
            <content>
                <format>94B</format>
            </content>
        </field>
        <field id="22" tag="17B" status="O" repetitive="N">
            <qualifier>
                <value>CONC</value>
            </qualifier>
            <genericFieldName>Flag</genericFieldName>
            <detailedFieldName>Concentration Limit Flag</detailedFieldName>
            <content>
                <format>17B</format>
            </content>
        </field>
        <field id="23" tag="98a" status="M" repetitive="N">
            <qualifier>
                <value>TERM</value>
            </qualifier>
            <genericFieldName>Date/Time</genericFieldName>
            <detailedFieldName>Closing Date/Time</detailedFieldName>
            <options>
                <option name="A">
                    <format>98A</format>
                </option>
                <option name="B">
                    <format>98B</format>
                </option>
                <option name="C">
                    <format>98C</format>
                </option>
            </options>
        </field>
        <field id="24" tag="19A" status="O" repetitive="Y" repetitiveEnd="Y" repetitiveStart="Y">
            <qualifier>
                <format>4!c</format>
            </qualifier>
            <genericFieldName>Amount</genericFieldName>
            <detailedFieldName></detailedFieldName>
            <content>
                <format>19A</format>
            </content>
        </field>
        <field id="25" tag="92a" status="O" repetitive="Y" repetitiveEnd="Y" repetitiveStart="Y">
            <qualifier>
                <format>4!c</format>
            </qualifier>
            <genericFieldName>Rate</genericFieldName>
            <detailedFieldName></detailedFieldName>
            <options>
                <option name="A">
                    <format>92A</format>
                </option>
                <option name="C">
                    <format>92C</format>
                </option>
            </options>
        </field>
        <field id="26" tag="22a" status="O" repetitive="Y" repetitiveEnd="Y" repetitiveStart="Y">
            <qualifier>
                <format>4!c</format>
            </qualifier>
            <genericFieldName>Indicator</genericFieldName>
            <detailedFieldName></detailedFieldName>
            <options>
                <option name="F">
                    <format>22F</format>
                </option>
                <option name="H">
                    <format>22H</format>
                </option>
            </options>
        </field>
        <field id="27" tag="16S" lastOfSequence="Y" status="M" repetitive="N">
            <qualifier></qualifier>
            <genericFieldName></genericFieldName>
            <detailedFieldName>End of Block</detailedFieldName>
            <content>
                <value>DEALTRAN</value>
            </content>
        </field>
    </sequence> <!-- End of Sequence B -->
    <sequence id="5" nextSequenceId="6" status="O" repetitive="Y"
        shortName="C" name="Optional Repetitive Sequence C Securities Movement">
        <field id="28" tag="16R" firstOfSequence="Y" status="M" repetitive="N">
            <qualifier></qualifier>
            <genericFieldName></genericFieldName>
            <detailedFieldName>Start of Block</detailedFieldName>
            <content>
                <value>SECMOVE</value>
            </content>
        </field>
        <field id="29" tag="22H" status="M" repetitive="N">
            <qualifier>
                <value>INOU</value>
            </qualifier>
            <genericFieldName>Indicator</genericFieldName>
            <detailedFieldName>In/Out Indicator</detailedFieldName>
            <content>
                <format>22H</format>
            </content>
        </field>
        <field id="30" tag="35B" status="M" repetitive="N">
            <qualifier></qualifier>
            <genericFieldName></genericFieldName>
            <detailedFieldName>Identification of the Financial Instrument</detailedFieldName>
            <content>
                <format>35B</format>
            </content>
        </field>
        <field id="31" tag="36B" status="M" repetitive="N">
            <qualifier>
                <value>QSEC</value>
            </qualifier>
            <genericFieldName>Quantity of Financial Instrument</genericFieldName>
            <detailedFieldName>Quantity of Securities</detailedFieldName>
            <content>
                <format>36B</format>
            </content>
        </field>
        <field id="32" tag="17B" status="M" repetitive="N">
            <qualifier>
                <value>COLL</value>
            </qualifier>
            <genericFieldName>Flag</genericFieldName>
            <detailedFieldName>Collateral Flag</detailedFieldName>
            <content>
                <format>17B</format>
            </content>
        </field>
        <field id="33" tag="97a" status="O" repetitive="N">
            <qualifier>
                <value>SAFE</value>
            </qualifier>
            <genericFieldName>Account</genericFieldName>
            <detailedFieldName>Safekeeping Account</detailedFieldName>
            <options>
                <option name="A">
                    <format>97A</format>
                </option>
                <option name="B">
                    <format>97B</format>
                </option>
            </options>
        </field>
        <field id="34" tag="20C" status="O" repetitive="N">
            <qualifier>
                <value>CSMV</value>
            </qualifier>
            <genericFieldName>Reference</genericFieldName>
            <detailedFieldName>Client's Securities Movement Reference</detailedFieldName>
            <content>
                <format>20C</format>
            </content>
        </field>
        <field id="35" tag="16S" lastOfSequence="Y" status="M" repetitive="N">
            <qualifier></qualifier>
            <genericFieldName></genericFieldName>
            <detailedFieldName>End of Block</detailedFieldName>
            <content>
                <value>SECMOVE</value>
            </content>
        </field>
    </sequence> <!-- End of Sequence C -->
    <sequence id="6" nextSequenceId="7" status="O" repetitive="Y"
        shortName="D" name="Optional Repetitive Sequence D Cash Movement">
        <field id="36" tag="16R" firstOfSequence="Y" status="M" repetitive="N">
            <qualifier></qualifier>
            <genericFieldName></genericFieldName>
            <detailedFieldName>Start of Block</detailedFieldName>
            <content>
                <value>CASHMOVE</value>
            </content>
        </field>
        <field id="37" tag="22H" status="M" repetitive="N">
            <qualifier>
                <value>INOU</value>
            </qualifier>
            <genericFieldName>Indicator</genericFieldName>
            <detailedFieldName>In/Out Indicator</detailedFieldName>
            <content>
                <format>22H</format>
            </content>
        </field>
        <field id="38" tag="19A" status="M" repetitive="N">
            <qualifier>
                <value>CASH</value>
            </qualifier>
            <genericFieldName>Amount</genericFieldName>
            <detailedFieldName>Cash Amount</detailedFieldName>
            <content>
                <format>19A</format>
            </content>
        </field>
        <field id="39" tag="17B" status="O" repetitive="N">
            <qualifier>
                <value>COLL</value>
            </qualifier>
            <genericFieldName>Flag</genericFieldName>
            <detailedFieldName>Collateral Flag</detailedFieldName>
            <content>
                <format>17B</format>
            </content>
        </field>
        <field id="40" tag="97a" status="O" repetitive="N">
            <qualifier>
                <value>CASH</value>
            </qualifier>
            <genericFieldName>Account</genericFieldName>
            <detailedFieldName>Cash Account</detailedFieldName>
            <options>
                <option name="A">
                    <format>97A</format>
                </option>
                <option name="E">
                    <format>97E</format>
                </option>
            </options>
        </field>
        <field id="41" tag="20C" status="O" repetitive="N">
            <qualifier>
                <value>CCMV</value>
            </qualifier>
            <genericFieldName>Reference</genericFieldName>
            <detailedFieldName>Client's Cash Movement Reference</detailedFieldName>
            <content>
                <format>20C</format>
            </content>
        </field>
        <field id="42" tag="16S" lastOfSequence="Y" status="M" repetitive="N">
            <qualifier></qualifier>
            <genericFieldName></genericFieldName>
            <detailedFieldName>End of Block</detailedFieldName>
            <content>
                <value>CASHMOVE</value>
            </content>
        </field>
    </sequence> <!-- End of Sequence D -->
    <sequence id="7" status="O" repetitive="N"
        shortName="E" name="Optional Sequence E Additional Information">
        <field id="43" tag="16R" firstOfSequence="Y" status="M" repetitive="N">
            <qualifier></qualifier>
            <genericFieldName></genericFieldName>
            <detailedFieldName>Start of Block</detailedFieldName>
            <content>
                <value>ADDINFO</value>
            </content>
        </field>
        <field id="44" tag="95a" status="O" repetitive="Y" repetitiveEnd="Y" repetitiveStart="Y">
            <qualifier>
                <format>4!c</format>
            </qualifier>
            <genericFieldName>Party</genericFieldName>
            <detailedFieldName></detailedFieldName>
            <options>
                <option name="C">
                    <format>95C</format>
                </option>
                <option name="P">
                    <format>95P</format>
                </option>
                <option name="Q">
                    <format>95Q</format>
                </option>
                <option name="R">
                    <format>95R</format>
                </option>
            </options>
        </field>
        <field id="45" tag="16S" lastOfSequence="Y" status="M" repetitive="N">
            <qualifier></qualifier>
            <genericFieldName></genericFieldName>
            <detailedFieldName>End of Block</detailedFieldName>
            <content>
                <value>ADDINFO</value>
            </content>
        </field>
    </sequence> <!-- End of Sequence E -->
</mt>