<?xml version="1.0" encoding="utf-8"?>
<mt id="558" name="Triparty Collateral Status and Processing Advice" xmlns:xsi="http://www.w3.org/2001/XMLSchema-instance"
    xsi:noNamespaceSchemaLocation="mt_schema.xsd">
    
    <sequence id="1" shortName="A" name="Mandatory Sequence A General Information" status="M" repetitive="N"
        nextSequenceId="6">
        <field id="1" tag="16R" status="M" repetitive="N" firstOfSequence="Y">
            <qualifier />
            <genericFieldName></genericFieldName>
            <detailedFieldName>Start of Block</detailedFieldName>
            <content>
                <value>GENL</value>
            </content>
        </field>
        <field id="2" tag="28E" status="M" repetitive="N">
            <qualifier></qualifier>
            <genericFieldName></genericFieldName>
            <detailedFieldName>Page Number/Continuation Indictator</detailedFieldName>
            <content>
                <format>28E</format>
            </content>
        </field>
        <field id="3" tag="20C" status="M" repetitive="Y" repetitiveEnd="Y" repetitiveStart="Y">
            <qualifier>
                <format>4!c</format>
            </qualifier>
            <genericFieldName>Reference</genericFieldName>
            <detailedFieldName></detailedFieldName>
            <content>
                <format>20C</format>
            </content>
        </field>
        <field id="4" tag="23G" status="M" repetitive="N">
            <qualifier />
            <genericFieldName />
            <detailedFieldName>Function of the Message</detailedFieldName>
            <content>
                <format>23G</format>
            </content>
        </field>
        <field id="5" tag="98a" status="M" repetitive="Y" repetitiveEnd="Y" repetitiveStart="Y">
            <qualifier>
                <format>4!c</format>
            </qualifier>
            <genericFieldName>Date/Time</genericFieldName>
            <detailedFieldName></detailedFieldName>
            <options>
                <option name="A">
                    <format>98A</format>
                </option>
                <option name="C">
                    <format>98C</format>
                </option>
                <option name="E">
                    <format>98E</format>
                </option>
            </options>
        </field>
        <field id="6" tag="22a" status="M" repetitive="Y" repetitiveEnd="Y" repetitiveStart="Y">
            <qualifier>
                <format>4!c</format>
            </qualifier>
            <genericFieldName>Indicator</genericFieldName>
            <detailedFieldName></detailedFieldName>
            <options>
                <option name="F">
                    <format>22F</format>
                </option>
                <option name="H">
                    <format>22H</format>
                </option>
            </options>
        </field>
        <field id="7" tag="13B" status="O" repetitive="Y" repetitiveEnd="Y" repetitiveStart="Y">
            <qualifier>
                <format>4!c</format>
            </qualifier>
            <genericFieldName>Number</genericFieldName>
            <detailedFieldName></detailedFieldName>
            <content>
                <format>13B</format>
            </content>            
        </field> 
        <sequence id="2" parentSequenceId="1" nextSequenceId="3" shortName="A1"
            name="Mandatory Repetitive Subsequence A1 Collateral Parties" status="M" repetitive="Y">
            <field id="8" tag="16R" status="M" repetitive="N" firstOfSequence="Y">
                <qualifier />
                <genericFieldName></genericFieldName>
                <detailedFieldName>Start of Block</detailedFieldName>
                <content>
                    <value>COLLPRTY</value>
                </content>
            </field>
            <field id="9" tag="95a" status="M" repetitive="Y" repetitiveEnd="Y" repetitiveStart="Y">
                <qualifier>
                    <format>4!c</format>
                </qualifier>
                <genericFieldName>Party</genericFieldName>
                <detailedFieldName></detailedFieldName>
                <options>
                    <option name="P">
                        <format>95P</format>
                    </option>
                    <option name="Q">
                        <format>95Q</format>
                    </option>
                    <option name="R">
                        <format>95R</format>
                    </option>
                </options>
            </field>
            <field id="10" tag="97a" status="O" repetitive="N">
                <qualifier>
                    <value>SAFE</value>
                </qualifier>
                <genericFieldName>Account</genericFieldName>
                <detailedFieldName>Safekeeping Account</detailedFieldName>
                <options>
                    <option name="A">
                        <format>97A</format>
                    </option>
                    <option name="B">
                        <format>97B</format>
                    </option>
                </options>
            </field>
            <field id="11" tag="16S" status="M" repetitive="N" lastOfSequence="Y">
                <qualifier></qualifier>
                <genericFieldName></genericFieldName>
                <detailedFieldName>End of Block</detailedFieldName>
                <content>
                    <value>COLLPRTY</value>
                </content>
            </field>
        </sequence> <!-- End of Subsequence A1 -->
        <sequence id="3" parentSequenceId="1" nextSequenceId="5" status="O" repetitive="Y"
            shortName="A2" name="Optional Repetitive Subsequence A2 Status">
            <field id="12" tag="16R" status="M" repetitive="N" firstOfSequence="Y">
                <qualifier></qualifier>
                <genericFieldName></genericFieldName>
                <detailedFieldName>Start of Block</detailedFieldName>
                <content>
                    <value>STAT</value>
                </content>
            </field>
            <field id="13" tag="25D" status="M" repetitive="N">
                <qualifier>
                    <format>4!c</format>
                </qualifier>
                <genericFieldName>Status</genericFieldName>
                <detailedFieldName></detailedFieldName>
                <content>
                    <format>25D</format>
                </content>
            </field>
            <sequence id="4" parentSequenceId="3" status="O" repetitive="Y"
                shortName="A2a" name="Optional Repetitive Subsequence A2a Reason">
                <field id="14" tag="16R" status="M" repetitive="N" firstOfSequence="Y">
                    <qualifier></qualifier>
                    <genericFieldName></genericFieldName>
                    <detailedFieldName>Start of Block</detailedFieldName>
                    <content>
                        <value>REAS</value>
                    </content>
                </field>
                <field id="15" tag="24B" status="M" repetitive="N">
                    <qualifier>
                        <format>4!c</format>
                    </qualifier>
                    <genericFieldName>Reason</genericFieldName>
                    <detailedFieldName></detailedFieldName>
                    <content>
                        <format>24B</format>
                    </content>
                </field>
                <field id="16" tag="70D" status="O" repetitive="N">
                    <qualifier>
                        <value>REAS</value>
                    </qualifier>
                    <genericFieldName>Narrative</genericFieldName>
                    <detailedFieldName>Reason Narrative</detailedFieldName>
                    <content>
                        <format>70D</format>
                    </content>
                </field>
                <field id="17" tag="16S" status="M" repetitive="N" lastOfSequence="Y">
                    <qualifier></qualifier>
                    <genericFieldName></genericFieldName>
                    <detailedFieldName>End of Block</detailedFieldName>
                    <content>
                        <value>REAS</value>
                    </content>
                </field>
            </sequence> <!-- End of Subsequence A2a -->
            <field id="18" tag="16S" status="M" repetitive="N" lastOfSequence="Y">
                <qualifier></qualifier>
                <genericFieldName></genericFieldName>
                <detailedFieldName>End of Block</detailedFieldName>
                <content>
                    <value>STAT</value>
                </content>
            </field>
        </sequence> <!-- End of Subsequence A2 -->
        <field id="19" tag="17B" status="O" repetitive="N">
            <qualifier>
                <value>CAPP</value>
            </qualifier>
            <genericFieldName>Flag</genericFieldName>
            <detailedFieldName>Collateral Approved Flag</detailedFieldName>
            <content>
                <format>17B</format>
            </content>
        </field>
        <field id="20" tag="19A" status="O" repetitive="Y" repetitiveEnd="Y" repetitiveStart="Y">
            <qualifier>
                <format>4!c</format>
            </qualifier>
            <genericFieldName>Amount</genericFieldName>
            <detailedFieldName></detailedFieldName>
            <content>
                <format>19A</format>
            </content>
        </field>
        <field id="21" tag="70a" status="O" repetitive="Y" repetitiveEnd="Y" repetitiveStart="Y">
            <qualifier>
                <format>4!c</format>
            </qualifier>
            <genericFieldName>Narrative</genericFieldName>
            <detailedFieldName></detailedFieldName>
            <options>
                <option name="D">
                    <format>70D</format>
                </option>
                <option name="E">
                    <format>70E</format>
                </option>
            </options>
        </field>
        <sequence id="5" parentSequenceId="1" status="O" repetitive="Y"
            shortName="A3" name="Optional Repetitive Subsequence A3 Linkages">
           <field id="22" tag="16R" status="M" repetitive="N" firstOfSequence="Y">
                <qualifier></qualifier>
                <genericFieldName></genericFieldName>
                <detailedFieldName>Start of Block</detailedFieldName>
                <content>
                    <value>LINK</value>
                </content>
            </field> 
            <field id="23" tag="13a" status="O" repetitive="N">
                <qualifier>
                    <value>LINK</value>
                </qualifier>
                <genericFieldName>Number Identification</genericFieldName>
                <detailedFieldName>Linked Message</detailedFieldName>
                <options>
                    <option name="A">
                        <format>13A</format>
                    </option>
                    <option name="B">
                        <format>13B</format>
                    </option>
                </options>            
            </field>
            <field id="24" tag="20C" status="M" repetitive="N">
                <qualifier>
                    <format>4!c</format>
                </qualifier>
                <genericFieldName>Reference</genericFieldName>
                <detailedFieldName></detailedFieldName>
                <content>
                    <format>20C</format>
                </content>
            </field>
            <field id="25" tag="16S" status="M" repetitive="N" lastOfSequence="Y">
                <qualifier></qualifier>
                <genericFieldName></genericFieldName>
                <detailedFieldName>End of Block</detailedFieldName>
                <content>
                    <value>LINK</value>
                </content>
            </field>
        </sequence> <!-- End of Subsequence A3 -->
        <field id="26" tag="16S" status="M" repetitive="N" lastOfSequence="Y">
            <qualifier></qualifier>
            <genericFieldName></genericFieldName>
            <detailedFieldName>End of Block</detailedFieldName>
            <content>
                <value>GENL</value>
            </content>
        </field>
    </sequence> <!-- End of Sequence A -->
        
    <sequence id="6" nextSequenceId="7" status="M" repetitive="N"
        shortName="B" name="Mandatory Sequence B Deal Transaction Details">
        <field id="27" tag="16R" status="M" repetitive="N" firstOfSequence="Y">
            <qualifier></qualifier>
            <genericFieldName></genericFieldName>
            <detailedFieldName>Start of Block</detailedFieldName>
            <content>
                <value>DEALTRAN</value>
            </content>
        </field>
        <field id="28" tag="98a" status="M" repetitive="N">
            <qualifier>
                <value>TERM</value>
            </qualifier>
            <genericFieldName>Date/Time</genericFieldName>
            <detailedFieldName>Closing Date/Time</detailedFieldName>
            <options>
                <option name="A">
                    <format>98A</format>
                </option>
                <option name="B">
                    <format>98B</format>
                </option>
                <option name="C">
                    <format>98C</format>
                </option>
            </options>
        </field>
        <field id="29" tag="19A" status="O" repetitive="Y" repetitiveEnd="Y" repetitiveStart="Y">
            <qualifier>
                <format>4!c</format>
            </qualifier>
            <genericFieldName>Amount</genericFieldName>
            <detailedFieldName></detailedFieldName>
            <content>
                <format>19A</format>
            </content>
        </field>
        <field id="30" tag="92a" status="O" repetitive="Y" repetitiveEnd="Y" repetitiveStart="Y">
            <qualifier>
                <format>4!c</format>
            </qualifier>
            <genericFieldName>Rate</genericFieldName>
            <detailedFieldName></detailedFieldName>
            <options>
                <option name="A">
                    <format>92A</format>
                </option>
                <option name="C">
                    <format>92C</format>
                </option>
            </options>
        </field>
        <field id="31" tag="22a" status="O" repetitive="Y" repetitiveEnd="Y" repetitiveStart="Y">
            <qualifier>
                <format>4!c</format>
            </qualifier>
            <genericFieldName>Indicator</genericFieldName>
            <detailedFieldName></detailedFieldName>
            <options>
                <option name="F">
                    <format>22F</format>
                </option>
                <option name="H">
                    <format>22H</format>
                </option>
            </options>
        </field>
        <field id="32" tag="16S" status="M" repetitive="N" lastOfSequence="Y">
            <qualifier />
            <genericFieldName />
            <detailedFieldName>End of Block</detailedFieldName>
            <content>
                <value>DEALTRAN</value>
            </content>
        </field>
    </sequence> <!-- End of Sequence B -->
    <sequence id="7" nextSequenceId="8" status="O" repetitive="Y" 
        shortName="C" name="Optional Repetitive Sequence C Securities Movement">
        <field id="33" tag="16R" status="M" repetitive="N" firstOfSequence="Y">
            <qualifier></qualifier>
            <genericFieldName></genericFieldName>
            <detailedFieldName>Start of Block</detailedFieldName>
            <content>
                <value>SECMOVE</value>
            </content>
        </field>
        <field id="34" tag="22H" status="M" repetitive="N">
            <qualifier>
                <value>INOU</value>
            </qualifier>
            <genericFieldName>Indicator</genericFieldName>
            <detailedFieldName>In/Out Indicator</detailedFieldName>
            <content>
                <format>22H</format>
            </content>
        </field>
        <field id="35" tag="35B" status="M" repetitive="N">
            <qualifier></qualifier>
            <genericFieldName></genericFieldName>
            <detailedFieldName>Identification of the Financial Instrument</detailedFieldName>
            <content>
                <format>35B</format>
            </content>
        </field>
        <field id="36" tag="36B" status="M" repetitive="N">
            <qualifier>
                <value>QSEC</value>
            </qualifier>
            <genericFieldName>Quantity of Financial Instrument</genericFieldName>
            <detailedFieldName>Quantity of Securities</detailedFieldName>
            <content>
                <format>36B</format>
            </content>
        </field>
        <field id="37" tag="25D" status="O" repetitive="N">
            <qualifier>
                <value>MOVE</value>
            </qualifier>
            <genericFieldName>Status</genericFieldName>
            <detailedFieldName>Movement Status</detailedFieldName>
            <content>
                <format>25D</format>
            </content>
        </field>
        <field id="38" tag="17B" status="M" repetitive="Y" repetitiveEnd="Y" repetitiveStart="Y">
            <qualifier>
                <format>4!c</format>
            </qualifier>
            <genericFieldName>Flag</genericFieldName>
            <detailedFieldName></detailedFieldName>
            <content>
                <format>17B</format>
            </content>
        </field>
        <field id="39" tag="97a" status="O" repetitive="N">
            <qualifier>
                <value>SAFE</value>
            </qualifier>
            <genericFieldName>Account</genericFieldName>
            <detailedFieldName>Safekeeping Account</detailedFieldName>
            <options>
                <option name="A">
                    <format>97A</format>
                </option>
                <option name="B">
                    <format>97B</format>
                </option>
            </options>
        </field>
        <field id="40" tag="20C" status="O" repetitive="Y" repetitiveEnd="Y" repetitiveStart="Y">
            <qualifier>
                <format>4!c</format>
            </qualifier>
            <genericFieldName>Reference</genericFieldName>
            <detailedFieldName></detailedFieldName>
            <content>
                <format>20C</format>
            </content>
        </field>
        <field id="41" tag="19A" status="O" repetitive="N">
            <qualifier>
                <value>MAGV</value>
            </qualifier>
            <genericFieldName>Amount</genericFieldName>
            <detailedFieldName>Margined Value Amount</detailedFieldName>
            <content>
                <format>19A</format>
            </content>
        </field>
        <field id="42" tag="70D" status="O" repetitive="N">
            <qualifier>
                <value>REAS</value>
            </qualifier>
            <genericFieldName>Reason Narrative</genericFieldName>
            <detailedFieldName>Reason Narrative</detailedFieldName>
            <content>
                <format>70D</format>
            </content>
        </field>
        <field id="43" tag="16S" status="M" repetitive="N" lastOfSequence="Y">
            <qualifier />
            <genericFieldName />
            <detailedFieldName>End of Block</detailedFieldName>
            <content>
                <value>SECMOVE</value>
            </content>
        </field>
    </sequence> <!-- End of Sequence C -->
    <sequence id="8" nextSequenceId="9" status="O" repetitive="Y" 
        shortName="D" name="Optional Repetitive Sequence D Cash Movements">
        <field id="44" tag="16R" status="M" repetitive="N" firstOfSequence="Y">
            <qualifier></qualifier>
            <genericFieldName></genericFieldName>
            <detailedFieldName>Start of Block</detailedFieldName>
            <content>
                <value>CASHMOVE</value>
            </content>
        </field>
        <field id="45" tag="22H" status="M" repetitive="N">
            <qualifier>
                <value>INOU</value>
            </qualifier>
            <genericFieldName>Indicator</genericFieldName>
            <detailedFieldName>In/Out Indicator</detailedFieldName>
            <content>
                <format>22H</format>
            </content>
        </field>
        <field id="46" tag="19A" status="M" repetitive="N">
            <qualifier>
                <value>CASH</value>
            </qualifier>
            <genericFieldName>Amount</genericFieldName>
            <detailedFieldName>Cash MOvement Amount</detailedFieldName>
            <content>
                <format>19A</format>
            </content>
        </field>
        <field id="47" tag="20C" status="O" repetitive="Y" repetitiveEnd="Y" repetitiveStart="Y">
            <qualifier>
                <format>4!c</format>
            </qualifier>
            <genericFieldName>Reference</genericFieldName>
            <detailedFieldName></detailedFieldName>
            <content>
                <format>20C</format>
            </content>
        </field>
        <field id="48" tag="25D" status="O" repetitive="N">
            <qualifier>
                <value>MOVE</value>
            </qualifier>
            <genericFieldName>Status</genericFieldName>
            <detailedFieldName>Movement Status</detailedFieldName>
            <content>
                <format>25D</format>
            </content>
        </field>
        <field id="49" tag="17B" status="M" repetitive="Y" repetitiveEnd="Y" repetitiveStart="Y">
            <qualifier>
                <format>4!c</format>
            </qualifier>
            <genericFieldName>Flag</genericFieldName>
            <detailedFieldName></detailedFieldName>
            <content>
                <format>17B</format>
            </content>
        </field>
        <field id="50" tag="97a" status="O" repetitive="N">
            <qualifier>
                <value>CASH</value>
            </qualifier>
            <genericFieldName>Account</genericFieldName>
            <detailedFieldName>Cash Account</detailedFieldName>
            <options>
                <option name="A">
                    <format>97A</format>
                </option>
                <option name="E">
                    <format>97E</format>
                </option>
            </options>
        </field>
        <field id="51" tag="70D" status="O" repetitive="N">
            <qualifier>
                <value>REAS</value>
            </qualifier>
            <genericFieldName>Reason Narrative</genericFieldName>
            <detailedFieldName>Reason Narrative</detailedFieldName>
            <content>
                <format>70D</format>
            </content>
        </field>
        <field id="52" tag="16S" status="M" repetitive="N" lastOfSequence="Y">
            <qualifier />
            <genericFieldName />
            <detailedFieldName>End of Block</detailedFieldName>
            <content>
                <value>CASHMOVE</value>
            </content>
        </field>
    </sequence> <!-- End of Sequence D -->
    <sequence id="9" status="O" repetitive="N" 
        shortName="E" name="Optional Sequence E Additional Information">
        <field id="53" tag="16R" status="M" repetitive="N" firstOfSequence="Y">
            <qualifier></qualifier>
            <genericFieldName></genericFieldName>
            <detailedFieldName>Start of Block</detailedFieldName>
            <content>
                <value>ADDINFO</value>
            </content>
        </field>
        <field id="54" tag="95a" status="O" repetitive="Y" repetitiveEnd="Y" repetitiveStart="Y">
            <qualifier>
                <format>4!c</format>
            </qualifier>
            <genericFieldName>Party</genericFieldName>
            <detailedFieldName></detailedFieldName>
            <options>
                <option name="P">
                    <format>95P</format>
                </option>
                <option name="Q">
                    <format>95Q</format>
                </option>
                <option name="R">
                    <format>95R</format>
                </option>
            </options>
        </field>
        <field id="55" tag="16S" status="M" repetitive="N" lastOfSequence="Y">
            <qualifier />
            <genericFieldName />
            <detailedFieldName>End of Block</detailedFieldName>
            <content>
                <value>ADDINFO</value>
            </content>
        </field>
    </sequence> <!-- End of Sequence E -->
</mt>