<?xml version="1.0" encoding="utf-8"?>
<mt id="564" name="Corporate Action Notification" xmlns:xsi="http://www.w3.org/2001/XMLSchema-instance"
    xsi:noNamespaceSchemaLocation="mt_schema.xsd">
    <sequence id="1" shortName="A" name="Mandatory Sequence A General Information" status="M" repetitive="N"
        nextSequenceId="3">
        <field id="1" tag="16R" status="M" repetitive="N" firstOfSequence="Y">
            <qualifier />
            <genericFieldName></genericFieldName>
            <detailedFieldName>Start of Block</detailedFieldName>
            <content>
                <value>GENL</value>
            </content>
        </field>
        <field id="2" tag="20C" status="M" repetitive="Y" repetitiveStart="Y" repetitiveEnd="Y">
            <qualifier>
                <format>4!c</format>
            </qualifier>
            <genericFieldName>Reference</genericFieldName>
            <detailedFieldName></detailedFieldName>
            <content>
                <format>20C</format>
            </content>
        </field>
        <field id="3" tag="23G" status="M" repetitive="N">
            <qualifier />
            <genericFieldName />
            <detailedFieldName>Function of the Message</detailedFieldName>
            <content>
                <format>23G</format>
            </content>
        </field>
        <field id="4" tag="22F" status="M" repetitive="Y" repetitiveStart="Y" repetitiveEnd="Y">
            <qualifier>
                <format>4!c</format>
            </qualifier>
            <genericFieldName>Indicator</genericFieldName>
            <detailedFieldName></detailedFieldName>
            <content>
             	<format>22F</format>           
            </content>
        </field>
        <field id="5" tag="98a" status="O" repetitive="N">
            <qualifier>
                <value>PREP</value>
            </qualifier>
            <genericFieldName>Date/Time</genericFieldName>
            <detailedFieldName>Preparation Date</detailedFieldName>
            <options>
                    <option name="A">
                        <format>98A</format>
                    </option>
                    <option name="C">
                        <format>98C</format>
                    </option>
                </options>
        </field>
        <field id="6" tag="25D" status="M" repetitive="N">
         	<qualifier>
	         	 <value>PROC</value>        	
         	</qualifier>       
			<genericFieldName>Status Code</genericFieldName>
			<detailedFieldName>Processing Status</detailedFieldName>
			<content>
				<format>25D</format>		
			</content>
        </field> 

        <sequence id="2" shortName="A1" name="Optional Repetitive Subsequence A1 Linkages" status="O"
            repetitive="Y" parentSequenceId="1">
            <field id="7" tag="16R" status="M" repetitive="N" firstOfSequence="Y">
                <qualifier />
                <genericFieldName />
                <detailedFieldName>Start of Block</detailedFieldName>
                <content>
                    <value>LINK</value>
                </content>
            </field>
            <field id="8" tag="22F" status="O" repetitive="N">
                <qualifier>
                    <value>LINK</value>
                </qualifier>
                <genericFieldName>Indicator</genericFieldName>
                <detailedFieldName>Linkage Type Indicator</detailedFieldName>
                <content>
                    <format>22F</format>
                </content>
            </field>
            <field id="9" tag="13a" status="O" repetitive="N">
                <qualifier>
                    <value>LINK</value>
                </qualifier>
                <genericFieldName>Number Identification</genericFieldName>
                <detailedFieldName>Linked Message</detailedFieldName>
                <options>
                    <option name="A">
                        <format>13A</format>
                    </option>
                    <option name="B">
                        <format>13B</format>
                    </option>
                </options>
            </field>
            <field id="10" tag="20C" status="M" repetitive="N">
                <qualifier>
                    <format>4!c</format>
                </qualifier>
                <genericFieldName>Refernece</genericFieldName>
                <detailedFieldName />
                <content>
                    <format>20C</format>
                </content>
            </field>
            <field id="11" tag="16S" status="M" repetitive="N" lastOfSequence="Y">
                <qualifier>
                    <value></value>
                </qualifier>
                <genericFieldName></genericFieldName>
                <detailedFieldName>End of Block</detailedFieldName>
                <content>
                    <value>LINK</value>
                </content>
            </field>
		</sequence>
        <field id="12" tag="16S" status="M" repetitive="N" lastOfSequence="Y">
            <qualifier />
            <genericFieldName />
            <detailedFieldName>End of Block</detailedFieldName>
            <content>
                <value>GENL</value>
            </content>
        </field>
    </sequence>
    <sequence id="3" shortName="B" name="Mandatory Sequence B Underlying Securities" status="M" repetitive="N"
        nextSequenceId="6">
        <field id="13" tag="16R" status="M" repetitive="N" firstOfSequence="Y">
            <qualifier />
            <genericFieldName />
            <detailedFieldName>Start of Block</detailedFieldName>
            <content>
                <value>USECU</value>
            </content>
        </field>
        <field id="14" tag="35B" status="M" repetitive="N">
            <qualifier></qualifier>
            <genericFieldName></genericFieldName>
            <detailedFieldName>Identification of the Financial Instrument</detailedFieldName>
            <content>
                <format>35B</format>
            </content>
        </field>
		<sequence id="4" shortName="B1" name="Optional Subsequence B1 Financial Instrument Attributes" status="O" repetitive="N"
			nextSequenceId="5" parentSequenceId="3">
			<field id="15" tag="16R" status="M" repetitive="N" firstOfSequence="Y">
				<qualifier></qualifier>
				<genericFieldName></genericFieldName>
				<detailedFieldName>Start of Block</detailedFieldName>
				<content>
					<value>FIA</value>			
				</content>		
			</field>		
			<field id="16" tag="94B" status="O" repetitive="N">
				<qualifier>
					<value>PLIS</value>			
				</qualifier>	
				<genericFieldName>Place</genericFieldName>			
				<detailedFieldName>Place of Listing</detailedFieldName>
				<content>
					<format>94B</format>			
				</content>
			</field>
			<field id="17" tag="22F" status="O" repetitive="N">
				<qualifier>
					<value>MICO</value>
				</qualifier>	
				<genericFieldName>Indicator</genericFieldName>
				<detailedFieldName>Method of Interest Computation Indicator</detailedFieldName>
				<content>
					<format>22F</format>			
				</content>	
			</field>
			<field id="18" tag="12a" status="O" repetitive="Y" repetitiveStart="Y" repetitiveEnd="Y">
				<qualifier>
					<format>4!c</format>			
				</qualifier>	
				<genericFieldName>Type of Financial Instrument</genericFieldName>
				<detailedFieldName></detailedFieldName>
				<options>
					<option name="A">
						<format>12A</format>				
					</option>			
					<option name="B">
						<format>12B</format>				
					</option>
					<option name="C">
						<format>12C</format>				
					</option>
				</options>	
			</field>
			<field id="19" tag="11A" status="O" repetitive="N">
				<qualifier>
					<value>DENO</value>			
				</qualifier>
				<genericFieldName>DENO</genericFieldName>
				<detailedFieldName>Currency of Denomination</detailedFieldName>
				<content>
					<format>11A</format>			
				</content>		
			</field>
			<field id="20" tag="98A" status="O" repetitive="Y" repetitiveStart="Y" repetitiveEnd="Y">
				<qualifier>
					<format>4!c</format>			
				</qualifier>	
				<genericFieldName>Date/Time</genericFieldName>
				<detailedFieldName></detailedFieldName>
				<content>
					<format>98A</format>			
				</content>	
			</field>
			<field id="21" tag="92a" status="O" repetitive="Y" repetitiveStart="Y" repetitiveEnd="Y">
				<qualifier>
					<format>4!c</format>			
				</qualifier>
				<genericFieldName>Rate</genericFieldName>
				<detailedFieldName></detailedFieldName>
				<options>
					<option name="A">
						<format>92A</format>				
					</option>		
					<option name="K">
						<format>92K</format>				
					</option>	
				</options>		
			</field>
			<field id="22" tag="36B" status="O" repetitive="Y" repetitiveStart="Y" repetitiveEnd="Y">
				<qualifier>
					<format>4!c</format>			
				</qualifier>
				<genericFieldName>Quantity of Financial Instrument</genericFieldName>
				<detailedFieldName></detailedFieldName>
				<content>
					<format>36B</format>			
				</content>		
			</field>
			<field id="23" tag="16S" status="M" repetitive="N" lastOfSequence="Y">
				<qualifier></qualifier>
				<genericFieldName></genericFieldName>
				<detailedFieldName>End of Block</detailedFieldName>
				<content>
					<value>FIA</value>			
				</content>		
			</field>
		</sequence>        
		<sequence id="5" shortName="B2" name="Mandatory Repetitive Subsequence B2 Account Information" status="M" 
			repetitive="Y" parentSequenceId="3">
			<field id="24" tag="16R" status="M" repetitive="N" firstOfSequence="Y">
				<qualifier></qualifier>
				<genericFieldName></genericFieldName>		
				<detailedFieldName>Start of Block</detailedFieldName>
				<content>
					<value>ACCTINFO</value>			
				</content>
			</field>	
			<field id="25" tag="95a" status="O" repetitive="N">
				<qualifier>
					<value>ACOW</value>			
				</qualifier>		
				<genericFieldName>Party</genericFieldName>
				<detailedFieldName>Account Owner</detailedFieldName>
				<options>
					<option name="P">
						<format>95P</format>				
					</option>			
					<option name="R">
						<format>95R</format>				
					</option>
				</options>
			</field>
			<field id="26" tag="97a" status="M" repetitive="N">
				<qualifier>
					<value>SAFE</value>			
				</qualifier>	
				<genericFieldName>Account</genericFieldName>	
				<detailedFieldName>Safekeeping Account</detailedFieldName>
				<options>
					<option name="A">
						<format>97A</format>	
					</option>			
					<option name="C">
						<format>97C</format>	
					</option>
				</options>
			</field>
			<field id="27" tag="94a" status="O" repetitive="N">
				<qualifier>
					<value>SAFE</value>			
				</qualifier>	
				<genericFieldName>Place</genericFieldName>
				<detailedFieldName>Place of Safekeeping</detailedFieldName>
				<options>
					<option name="B">
						<format>94B</format>				
					</option>			
					<option name="C">
						<format>94C</format>				
					</option>
					<option name="F">
						<format>94F</format>				
					</option>
				</options>	
			</field>
			<field id="28" tag="93a" status="O" repetitive="Y" repetitiveStart="Y" repetitiveEnd="Y">
				<qualifier>
					<format>4!c</format>			
				</qualifier>	
				<genericFieldName>Balance</genericFieldName>
				<detailedFieldName />
				<options>
					<option name="B">
						<format>93B</format>				
					</option>			
					<option name="C">
						<format>93C</format>				
					</option>
				</options>	
			</field>
			<field id="29" tag="16S" status="M" repetitive="N" lastOfSequence="Y">
				<qualifier></qualifier>
				<genericFieldName></genericFieldName>
				<detailedFieldName>End of Block</detailedFieldName>				
				<content>
					<value>ACCTINFO</value>			
				</content>
			</field>
		</sequence>
		<field id="30" tag="16S" status="M" repetitive="N" lastOfSequence="Y">
			<qualifier></qualifier>
			<genericFieldName></genericFieldName>
			<detailedFieldName>End of Block</detailedFieldName>				
			<content>
				<value>USECU</value>			
			</content>
		</field>
	</sequence>
	<sequence id="6" shortName="C" name="Optional Sequence C Intermediate Securities" status="O" repetitive="N" nextSequenceId="7">
		<field id="31" tag="16R" status="M" firstOfSequence="Y" repetitive="N">
			<qualifier></qualifier>
			<genericFieldName></genericFieldName>
			<detailedFieldName>Start of Block</detailedFieldName>
			<content>
				<value>INTSEC</value>		
			</content>	
		</field>
		<field id="32" tag="35B" status="M" repetitive="N">
			<qualifier></qualifier>
			<genericFieldName></genericFieldName>
			<detailedFieldName>Identification of the Financial Instrument</detailedFieldName>
			<content>
				<format>35B</format>		
			</content>	
		</field> 		
		<field id="33" tag="36a" status="O" repetitive="N">
			<qualifier>
				<value>QINT</value>		
			</qualifier>
			<genericFieldName>Quantity of Financial Instrument</genericFieldName>
			<detailedFieldName>Quantity of Intermediate Securities</detailedFieldName>
			<options>
				<option name="B">
					<format>36B</format>			
				</option>	
				<option name="E">
					<format>36E</format>			
				</option>
			</options>
		</field>
		<field id="34" tag="93a" status="O" repetitive="Y" repetitiveStart="Y" repetitiveEnd="Y">
			<qualifier>
				<format>4!c</format>		
			</qualifier>	
			<genericFieldName>Balance</genericFieldName>
			<detailedFieldName></detailedFieldName>
			<options>
				<option name="B">
					<format>93B</format>
				</option>		
				<option name="C">
					<format>93C</format>
				</option>
			</options>
		</field>
		<field id="35" tag="22F" status="O" repetitive="Y" repetitiveStart="Y" repetitiveEnd="Y">
			<qualifier>
				<format>4!c</format>		
			</qualifier>	
			<genericFieldName>Indicator</genericFieldName>
			<detailedFieldName></detailedFieldName>
			<content>
				<format>22F</format>		
			</content>
		</field>
		<field id="36" tag="92D" status="O" repetitive="N">
			<qualifier>
				<value>RTUN</value>		
			</qualifier>	
			<genericFieldName>Rate</genericFieldName>
			<detailedFieldName>Intermediate Securities to Underlying</detailedFieldName>
			<content>
				<format>92D</format>		
			</content>
		</field>
		<field id="37" tag="90B" status="O" repetitive="N">
			<qualifier>
				<value>MRKT</value>		
			</qualifier>	
			<genericFieldName>Price</genericFieldName>
			<detailedFieldName>Market Price</detailedFieldName>
			<content>
				<format>90B</format>		
			</content>
		</field>
		<field id="38" tag="98a" status="M" repetitive="Y" repetitiveStart="Y" repetitiveEnd="Y">
			<qualifier>
				<format>4!c</format>		
			</qualifier>	
			<genericFieldName>Date/Time</genericFieldName>
			<detailedFieldName></detailedFieldName>
			<options>
				<option name="A">
					<format>98A</format>								
				</option>
				<option name="B">
					<format>98B</format>								
				</option>		
			</options>
		</field>
		<field id="39" tag="69a" status="O" repetitive="N">
			<qualifier>
				<value>TRDP</value>		
			</qualifier>
			<genericFieldName>Period</genericFieldName>
			<detailedFieldName>Trading Period</detailedFieldName>
			<options>
				<option name="A">
					<format>69A</format>			
				</option>
				<option name="B">
					<format>69B</format>			
				</option>
				<option name="C">
					<format>69C</format>			
				</option>
				<option name="D">
					<format>69D</format>			
				</option>
				<option name="E">
					<format>69E</format>			
				</option>
				<option name="F">
					<format>69F</format>			
				</option>
			</options>	
		</field>
		<field id="40" tag="16S" status="M" repetitive="N" lastOfSequence="Y">
			<qualifier></qualifier>
			<genericFieldName></genericFieldName>
			<detailedFieldName>End of Block</detailedFieldName>
			<content>
				<value>INTSEC</value>		
			</content>
		</field>
	</sequence> <!-- end of Sequence C -->
	
	<sequence id="7" shortName="D" name="Optional Sequence D Corporate Action Details" status="O" 
		repetitive="N" nextSequenceId="8">
		<field id="41" tag="16R" status="M" repetitive="N" firstOfSequence="Y">
			<qualifier></qualifier>
			<genericFieldName></genericFieldName>
			<detailedFieldName>Start of Block</detailedFieldName>
			<content>
				<value>CADETL</value>		
			</content>	
		</field>			
		<field id="42" tag="98a" status="O" repetitive="Y" repetitiveStart="Y" repetitiveEnd="Y">
			<qualifier>
				<format>4!c</format>		
			</qualifier>	
			<genericFieldName>Date/Time</genericFieldName>
			<detailedFieldName></detailedFieldName>
			<options>
				<option name="A">
					<format>98A</format>
				</option>		
				<option name="B">
					<format>98B</format>
				</option>
				<option name="C">
					<format>98C</format>
				</option>
				<option name="E">
					<format>98E</format>
				</option>
			</options>
		</field>
		<field id="43" tag="69a" status="O" repetitive="Y" repetitiveStart="Y" repetitiveEnd="Y">
			<qualifier>
				<format>4!c</format>		
			</qualifier>	
			<genericFieldName>Period</genericFieldName>
			<detailedFieldName></detailedFieldName>
			<options>
				<option name="A">
					<format>69A</format>
				</option>		
				<option name="B">
					<format>69B</format>
				</option>
				<option name="C">
					<format>69C</format>
				</option>
				<option name="D">
					<format>69D</format>
				</option>
				<option name="E">
					<format>69E</format>
				</option>
				<option name="F">
					<format>69F</format>
				</option>
				<option name="J">
					<format>69J</format>
				</option>
			</options>
		</field>
		<field id="44" tag="99A" status="O" repetitive="N">
			<qualifier>
				<value>DAAC</value>		
			</qualifier>	
			<genericFieldName>Number Count</genericFieldName>
			<detailedFieldName>Number of Days Accrued</detailedFieldName>
			<content>
				<format>99A</format>		
			</content>
		</field>
		<field id="45" tag="92a" status="O" repetitive="Y" repetitiveStart="Y" repetitiveEnd="Y">
			<qualifier>
				<format>4!c</format>		
			</qualifier>	
			<genericFieldName>Rate</genericFieldName>
			<detailedFieldName></detailedFieldName>
			<options>
				<option name="A">
					<format>92A</format>			
				</option>		
				<option name="F">
					<format>92F</format>			
				</option>
				<option name="K">
					<format>92K</format>			
				</option>
			</options>
		</field>
		<field id="46" tag="90a" status="O" repetitive="Y" repetitiveStart="Y" repetitiveEnd="Y">
			<qualifier>
				<format>4!c</format>		
			</qualifier>	
			<genericFieldName>Price</genericFieldName>
			<detailedFieldName></detailedFieldName>
			<options>
				<option name="A">
					<format>90A</format>
				</option>		
				<option name="B">
					<format>90B</format>
				</option>
				<option name="E">
					<format>90E</format>
				</option>
			</options>
		</field>
		<field id="47" tag="36a" status="O" repetitive="Y" repetitiveStart="Y" repetitiveEnd="Y">
			<qualifier>
				<format>4!c</format>		
			</qualifier>	
			<genericFieldName>Quantity of Financial Instrument</genericFieldName>
			<detailedFieldName></detailedFieldName>
			<options>
				<option name="B">
					<format>36B</format>			
				</option>		
				<option name="C">
					<format>36C</format>			
				</option>
			</options>
		</field>
		<field id="48" tag="13a" status="O" repetitive="Y" repetitiveStart="Y" repetitiveEnd="Y">
			<qualifier>
				<value>COUP</value>		
			</qualifier>	
			<genericFieldName>Number Identification</genericFieldName>
			<detailedFieldName>Coupon Number</detailedFieldName>
			<options>
				<option name="A">
					<format>13A</format>			
				</option>
				<option name="B">
					<format>13B</format>			
				</option>
			</options>
		</field>
		<field id="49" tag="17B" status="O" repetitive="Y" repetitiveStart="Y" repetitiveEnd="Y">
			<qualifier>
				<format>4!c</format>		
			</qualifier>	
			<genericFieldName>Flag</genericFieldName>
			<detailedFieldName></detailedFieldName>
			<content>
				<format>17B</format>		
			</content>
		</field>
		<field id="50" tag="22F" status="O" repetitive="Y" repetitiveStart="Y" repetitiveEnd="Y">
			<qualifier>
				<format>4!c</format>		
			</qualifier>	
			<genericFieldName>Indicator</genericFieldName>
			<detailedFieldName></detailedFieldName>
			<content>
				<format>22F</format>		
			</content>
		</field>
		<field id="51" tag="94G" status="O" repetitive="Y" repetitiveStart="Y" repetitiveEnd="Y">
			<qualifier>
				<format>4!c</format>		
			</qualifier>	
			<genericFieldName>Place</genericFieldName>
			<detailedFieldName></detailedFieldName>
			<content>
				<format>94G</format>		
			</content>
		</field>
		<field id="52" tag="70a" status="O" repetitive="Y" repetitiveStart="Y" repetitiveEnd="Y">
			<qualifier>
				<format>4!c</format>		
			</qualifier>	
			<genericFieldName>Narrative</genericFieldName>
			<detailedFieldName></detailedFieldName>
			<options>
				<option name="E">
					<format>70E</format>			
				</option>		
				<option name="G">
					<format>70G</format>			
				</option>
			</options>
		</field>
		<field id="53" tag="16S" status="M" repetitive="N" lastOfSequence="Y">
			<qualifier></qualifier>
			<genericFieldName></genericFieldName>
			<detailedFieldName>End of Block</detailedFieldName>
			<content>
				<value>CADETL</value>		
			</content>	
		</field>
	</sequence> <!-- End of Sequence D -->
	
	<sequence id="8" shortName="E" name="Optional Repetitive Sequence E Corporate Action Options" 
		status="O" repetitive="Y" nextSequenceId="12">
		<field id="54" tag="16R" status="M" repetitive="N" firstOfSequence="Y">
			<qualifier></qualifier>
			<genericFieldName></genericFieldName>
			<detailedFieldName>Start of Block</detailedFieldName>
			<content>
				<value>CAOPTN</value>		
			</content>	
		</field>
		<field id="55" tag="13A" status="M" repetitive="N">
			<qualifier>
				<value>CAON</value>		
			</qualifier>	
			<genericFieldName>Number Identification</genericFieldName>
			<detailedFieldName>CA Option Number</detailedFieldName>
			<content>
				<format>13A</format>		
			</content>
		</field>
		<field id="56" tag="22F" status="M" repetitive="Y" repetitiveStart="Y" repetitiveEnd="Y">
			<qualifier>
				<format>4!c</format>		
			</qualifier>	
			<genericFieldName>Indicator</genericFieldName>
			<detailedFieldName></detailedFieldName>
			<content>
				<format>22F</format>		
			</content>
		</field>
		<field id="57" tag="94C" status="O" repetitive="Y" repetitiveStart="Y" repetitiveEnd="Y">
			<qualifier>
				<format>4!c</format>		
			</qualifier>	
			<genericFieldName>Place</genericFieldName>
			<detailedFieldName></detailedFieldName>
			<content>
				<format>94C</format>		
			</content>
		</field>
		<field id="58" tag="11A" status="O" repetitive="N">
			<qualifier>
				<value>OPTN</value>		
			</qualifier>	
			<genericFieldName>Currency</genericFieldName>
			<detailedFieldName>Currency Option</detailedFieldName>
			<content>
				<format>11A</format>		
			</content>
		</field>
		<field id="59" tag="17B" status="M" repetitive="Y" repetitiveStart="Y" repetitiveEnd="Y">
			<qualifier>
				<format>4!c</format>		
			</qualifier>	
			<genericFieldName>Flag</genericFieldName>
			<detailedFieldName></detailedFieldName>
			<content>
				<format>17B</format>		
			</content>
		</field>
		<field id="60" tag="35B" status="O" repetitive="N">
			<qualifier></qualifier>
			<genericFieldName></genericFieldName>
			<detailedFieldName>Identification of the Financial Instrument</detailedFieldName>
			<content>
				<format>35B</format>		
			</content>	
		</field>
		<field id="61" tag="98a" status="O" repetitive="Y" repetitiveStart="Y" repetitiveEnd="Y">
			<qualifier>
				<format>4!c</format>		
			</qualifier>
			<genericFieldName>Date/Time</genericFieldName>
			<detailedFieldName></detailedFieldName>
			<options>
				<option name="A">
					<format>98A</format>			
				</option>		
				<option name="B">
					<format>98B</format>			
				</option>
				<option name="C">
					<format>98C</format>			
				</option>
				<option name="E">
					<format>98E</format>			
				</option>
				<option name="F">
					<format>98F</format>			
				</option>
			</options>	
		</field>
		<field id="62" tag="69a" status="O" repetitive="Y" repetitiveStart="Y" repetitiveEnd="Y">
			<qualifier>
				<format>4!c</format>
			</qualifier>	
			<genericFieldName>Period</genericFieldName>
			<detailedFieldName></detailedFieldName>
			<options>
				<option name="A">
					<format>69A</format>			
				</option>		
				<option name="B">
					<format>69B</format>			
				</option>
				<option name="C">
					<format>69C</format>			
				</option>
				<option name="D">
					<format>69D</format>			
				</option>
				<option name="E">
					<format>69E</format>			
				</option>
				<option name="F">
					<format>69F</format>			
				</option>
				<option name="J">
					<format>69J</format>			
				</option>
			</options>
		</field>
		<field id="63" tag="92a" status="O" repetitive="Y" repetitiveStart="Y" repetitiveEnd="Y">
			<qualifier>
				<format>4!c</format>		
			</qualifier>
			<genericFieldName>Rate</genericFieldName>
			<detailedFieldName></detailedFieldName>
			<options>
				<option name="A">
					<format>92A</format>			
				</option>		
				<option name="F">
					<format>92F</format>			
				</option>
				<option name="J">
					<format>92J</format>			
				</option>
				<option name="K">
					<format>92K</format>			
				</option>
			</options>	
		</field>
		<field id="64" tag="90a" status="O" repetitive="Y" repetitiveStart="Y" repetitiveEnd="Y">
			<qualifier>
				<format>4!c</format>		
			</qualifier>	
			<genericFieldName>Price</genericFieldName>
			<detailedFieldName></detailedFieldName>
			<options>
				<option name="A">
					<format>90A</format>			
				</option>		
				<option name="B">
					<format>90B</format>			
				</option>
				<option name="E">
					<format>90E</format>			
				</option>
				<option name="F">
					<format>90F</format>			
				</option>
				<option name="J">
					<format>90J</format>			
				</option>
			</options>
		</field>
		<field id="65" tag="36a" status="O" repetitive="Y" repetitiveStart="Y" repetitiveEnd="Y">
			<qualifier>
				<format>4!c</format>		
			</qualifier>	
			<genericFieldName>Quantity of Financial Instrument</genericFieldName>
			<detailedFieldName></detailedFieldName>
			<options>
				<option name="B">
					<format>36B</format>
				</option>		
				<option name="C">
					<format>36C</format>
				</option>
			</options>
		</field>
		<sequence id="9" shortName="E1" name="Optional Repetitive Subsequence E1 Securities Movement" 
				nextSequenceId="11" parentSequenceId="8" status="O" repetitive="Y">
			<field id="66" tag="16R" status="M" repetitive="N" firstOfSequence="Y">
				<qualifier></qualifier>
				<genericFieldName></genericFieldName>
				<detailedFieldName>Start of Block</detailedFieldName>
				<content>
					<value>SECMOVE</value>			
				</content>		
			</field>
			<field id="67" tag="22a" status="M" repetitive="Y" repetitiveStart="Y" repetitiveEnd="Y">
				<qualifier>
					<format>4!c</format>			
				</qualifier>
				<genericFieldName>Indicator</genericFieldName>
				<detailedFieldName></detailedFieldName>
				<options>
					<option name="F">
						<format>22F</format>				
					</option>			
					<option name="H">
						<format>22H</format>				
					</option>
				</options>
			</field>
			<field id="68" tag="35B" status="M" repetitive="N">
				<qualifier></qualifier>
				<genericFieldName></genericFieldName>
				<detailedFieldName>Identification of the Financial Instrument</detailedFieldName>
				<content>
					<format>35B</format>			
				</content>		
			</field>
			<sequence id="10" shortName="E1a" name="Optional Subsequence E1a Financial Instrument Attributes" 
				parentSequenceId="9" repetitive="N" status="O">
				<field id="69" tag="16R" firstOfSequence="Y" repetitive="N" status="M">
					<qualifier></qualifier>
					<genericFieldName></genericFieldName>
					<detailedFieldName>Start of Block</detailedFieldName>
					<content>
						<value>FIA</value>				
					</content>
				</field>
				<field id="70" tag="94B" status="O" repetitive="N">
					<qualifier>
						<value>PLIS</value>				
					</qualifier>
					<genericFieldName>Place</genericFieldName>
					<detailedFieldName>Place of Listing</detailedFieldName>
					<content>
						<format>94B</format>				
					</content>			
				</field>
				<field id="71" tag="22F" status="O" repetitive="N">
					<qualifier>
						<value>MICO</value>				
					</qualifier>
					<genericFieldName>Indicator</genericFieldName>
					<detailedFieldName>Method of Interest Computation Indicator</detailedFieldName>
					<content>
						<format>22F</format>
					</content>
				</field>
				<field id="72" tag="12a" status="O" repetitive="Y" repetitiveStart="Y" repetitiveEnd="Y">
					<qualifier>
						<format>4!c</format>				
					</qualifier>
					<genericFieldName>Type of Financial Instrument</genericFieldName>
					<detailedFieldName></detailedFieldName>
					<options>
						<option name="A">
							<format>12A</format>					
						</option>				
						<option name="B">
							<format>12B</format>					
						</option>
						<option name="C">
							<format>12C</format>					
						</option>
					</options>
				</field>
				<field id="73" tag="11A" status="O" repetitive="N">
					<qualifier>
						<value>DENO</value>				
					</qualifier>
					<genericFieldName>Currency</genericFieldName>
					<detailedFieldName>Currency of Denomination</detailedFieldName>
					<content>
						<format>11A</format>				
					</content>	
				</field>
				<field id="74" tag="98A" status="O" repetitive="Y" repetitiveStart="Y" repetitiveEnd="Y">
					<qualifier>
						<format>4!c</format>				
					</qualifier>
					<genericFieldName>Date/Time</genericFieldName>
					<detailedFieldName></detailedFieldName>
					<content>
						<format>98A</format>				
					</content>			
				</field>
				<field id="75" tag="90a" status="O" repetitive="N">
					<qualifier>
						<value>ISSU</value>				
					</qualifier>
					<genericFieldName>Price</genericFieldName>
					<detailedFieldName>Issue Price</detailedFieldName>
					<options>
						<option name="A">
							<format>90A</format>					
						</option>				
						<option name="B">
							<format>90B</format>					
						</option>
						<option name="E">
							<format>90E</format>					
						</option>
					</options>			
				</field>
				<field id="76" tag="92a" status="O" repetitive="Y" repetitiveStart="Y" repetitiveEnd="Y">
					<qualifier>
						<format>4!c</format>				
					</qualifier>
					<genericFieldName>Rate</genericFieldName>
					<detailedFieldName></detailedFieldName>
					<options>
						<option name="A">
							<format>92A</format>		
						</option>				
						<option name="K">
							<format>92K</format>		
						</option>
					</options>			
				</field>
				<field id="77" tag="36B" status="O" repetitive="Y" repetitiveStart="Y" repetitiveEnd="Y">
					<qualifier>
						<format>4!c</format>				
					</qualifier>
					<genericFieldName>Quantity of Financial Instrument</genericFieldName>
					<detailedFieldName></detailedFieldName>
					<content>
						<format>36B</format>				
					</content>			
				</field>
				<field id="78" tag="16S" status="M" repetitive="N" lastOfSequence="Y">
					<qualifier></qualifier>
					<genericFieldName></genericFieldName>
					<detailedFieldName>End of Block</detailedFieldName>
					<content>
						<value>FIA</value>				
					</content>			
				</field>
			</sequence> <!-- End of Subsequence E1a -->
			<field id="79" tag="36B" status="O" repetitive="Y" repetitiveStart="Y" repetitiveEnd="Y">
				<qualifier>
					<value>ENTL</value>			
				</qualifier>
				<genericFieldName>Quantity of Financial Instrument</genericFieldName>
				<detailedFieldName>Entitled Quantity</detailedFieldName>
				<content>
					<format>36B</format>			
				</content>		
			</field>
			<field id="80" tag="22F" status="O" repetitive="N">
				<qualifier>
					<value>DISF</value>			
				</qualifier>
				<genericFieldName>Indicator</genericFieldName>
				<detailedFieldName>Disposition of Fractions</detailedFieldName>
				<content>
					<format>22F</format>
				</content>		
			</field>
			<field id="81" tag="11A" status="O" repetitive="N">
				<qualifier>
					<value>OPTN</value>			
				</qualifier>
				<genericFieldName>Currency</genericFieldName>
				<detailedFieldName>Currency Option</detailedFieldName>
				<content>
					<format>11A</format>			
				</content>
			</field>
			<field id="82" tag="69a" status="O" repetitive="N">
				<qualifier>
					<value>TRDP</value>
				</qualifier>
				<genericFieldName>Period</genericFieldName>
				<detailedFieldName>Trading Period</detailedFieldName>
				<options>
					<option name="A">
						<format>69A</format>				
					</option>			
					<option name="B">
						<format>69B</format>				
					</option>
					<option name="C">
						<format>69C</format>				
					</option>
					<option name="D">
						<format>69D</format>				
					</option>
					<option name="E">
						<format>69E</format>				
					</option>
					<option name="F">
						<format>69F</format>				
					</option>
					<option name="J">
						<format>69J</format>				
					</option>
				</options>		
			</field>
			<field id="83" tag="90a" status="O" repetitive="Y" repetitiveStart="Y" repetitiveEnd="Y">
				<qualifier>
					<format>4!c</format>			
				</qualifier>
				<genericFieldName>Price</genericFieldName>
				<detailedFieldName></detailedFieldName>
				<options>
					<option name="A">
						<format>90A</format>				
					</option>			
					<option name="B">
						<format>90B</format>				
					</option>
					<option name="E">
						<format>90E</format>				
					</option>
				</options>
			</field>
			<field id="84" tag="92a" status="O" repetitive="Y" repetitiveStart="Y" repetitiveEnd="Y">
				<qualifier>
					<format>4!c</format>			
				</qualifier>
				<genericFieldName>Rate</genericFieldName>
				<detailedFieldName></detailedFieldName>
				<options>
					<option name="A">
						<format>92A</format>				
					</option>			
					<option name="D">
						<format>92D</format>				
					</option>
					<option name="K">
						<format>92K</format>				
					</option>
					<option name="L">
						<format>92L</format>				
					</option>
					<option name="M">
						<format>92M</format>				
					</option>
					<option name="N">
						<format>92N</format>				
					</option>
				</options>		
			</field>
			<field id="85" tag="98a" status="M" repetitive="Y" repetitiveStart="Y" repetitiveEnd="Y">
				<qualifier>
					<format>4!c</format>			
				</qualifier>
				<genericFieldName>Date/Time</genericFieldName>
				<detailedFieldName></detailedFieldName>
				<options>
					<option name="A">
						<format>98A</format>			
					</option>			
					<option name="B">
						<format>98B</format>			
					</option>
					<option name="C">
						<format>98C</format>			
					</option>
					<option name="E">
						<format>98E</format>			
					</option>
				</options>
			</field>
			<field id="86" tag="16S" status="M" repetitive="N" lastOfSequence="Y">
				<qualifier></qualifier>
				<genericFieldName></genericFieldName>
				<detailedFieldName>End of Block</detailedFieldName>
				<content>
					<value>SECMOVE</value>			
				</content>		
			</field>
		</sequence> <!-- End of Sequence E1 -->
		<sequence id="11" parentSequenceId="8" name="Optional Repetitive Subsequence E2 Cash Movement" 
				shortName="E2" repetitive="Y" status="O">
			<field id="87" tag="16R" status="M" repetitive="N" firstOfSequence="Y">
				<qualifier></qualifier>
				<genericFieldName></genericFieldName>
				<detailedFieldName>Start of Block</detailedFieldName>
				<content>
					<value>CASHMOVE</value>		
				</content>	
			</field>
			<field id="88" tag="22a" status="M" repetitive="Y" repetitiveStart="Y" repetitiveEnd="Y">
				<qualifier>
					<format>4!c</format>			
				</qualifier>
				<genericFieldName>Indicator</genericFieldName>
				<detailedFieldName></detailedFieldName>
				<options>
					<option name="H">
						<format>22H</format>				
					</option>			
					<option name="F">
						<format>22F</format>				
					</option>
				</options>
			</field>
			<field id="89" tag="97a" status="O" repetitive="N">
				<qualifier>
					<value>CASH</value>			
				</qualifier>
				<genericFieldName>Amount</genericFieldName>
				<detailedFieldName>Cash Account</detailedFieldName>
				<options>
					<option name="A">
						<format>97A</format>	
					</option>
					<option name="E">
						<format>97E</format>	
					</option>
								
				</options>		
			</field>
			<field id="90" tag="19B" status="O" repetitive="Y" repetitiveStart="Y" repetitiveEnd="Y">
				<qualifier>
					<format>4!c</format>			
				</qualifier>	
				<genericFieldName>Amount</genericFieldName>
				<detailedFieldName></detailedFieldName>
				<content>
					<format>19B</format>			
				</content>
			</field>
			<field id="91" tag="98a" status="M" repetitive="Y" repetitiveStart="Y" repetitiveEnd="Y">
				<qualifier>
					<format>4!c</format>			
				</qualifier>
				<genericFieldName>Date/Time</genericFieldName>
				<detailedFieldName></detailedFieldName>
				<options>
					<option name="A">
						<format>98A</format>
					</option>			
					<option name="B">
						<format>98B</format>
					</option>
					<option name="C">
						<format>98C</format>
					</option>
					<option name="E">
						<format>98E</format>
					</option>
				</options>		
			</field>
			<field id="92" tag="92a" status="O" repetitive="Y" repetitiveStart="Y" repetitiveEnd="Y">
				<qualifier>
					<format>4!c</format>			
				</qualifier>
				<genericFieldName>Rate</genericFieldName>
				<detailedFieldName></detailedFieldName>
				<options>
					<option name="A">
						<format>92A</format>	
					</option>			
					<option name="B">
						<format>92B</format>	
					</option>
					<option name="F">
						<format>92F</format>	
					</option>
					<option name="J">
						<format>92J</format>	
					</option>
					<option name="K">
						<format>92K</format>	
					</option>
					<option name="M">
						<format>92M</format>	
					</option>
				</options>
			</field>
			<field id="93" tag="90a" status="O" repetitive="Y" repetitiveStart="Y" repetitiveEnd="Y">
				<qualifier>
					<format>4!c</format>			
				</qualifier>
				<genericFieldName>Price</genericFieldName>
				<detailedFieldName></detailedFieldName>
				<options>
					<option name="A">
						<format>90A</format>	
					</option>			
					<option name="B">
						<format>90B</format>	
					</option>
					<option name="E">
						<format>90E</format>	
					</option>
					<option name="F">
						<format>90F</format>	
					</option>
					<option name="J">
						<format>90J</format>	
					</option>
					<option name="K">
						<format>90K</format>	
					</option>
				</options>		
			</field>
			<field id="94" tag="16S" status="M" repetitive="N" lastOfSequence="Y">
				<qualifier></qualifier>
				<genericFieldName></genericFieldName>
				<detailedFieldName>End of Block</detailedFieldName>
				<content>
					<value>CASHMOVE</value>			
				</content>		
			</field>
		</sequence> <!-- End of Subsequence E2 -->
		<field id="95" tag="70E" status="O" repetitive="Y" repetitiveStart="Y" repetitiveEnd="Y">
			<qualifier>
				<format>4!c</format>		
			</qualifier>
			<genericFieldName>Narrative</genericFieldName>
			<detailedFieldName></detailedFieldName>
			<content>
				<format>70E</format>		
			</content>	
		</field> 
		<field id="96" tag="16S" status="M" repetitive="N" lastOfSequence="Y">
			<qualifier></qualifier>
			<genericFieldName></genericFieldName>
			<detailedFieldName>End of Block</detailedFieldName>
			<content>
				<value>CAOPTN</value>		
			</content>	
		</field>
	</sequence> <!-- End of Sequence E -->
	<sequence id="12" shortName="F" name="Optional Sequence F Additional Information" status="O" repetitive="N">
		<field id="97" tag="16R" status="M" repetitive="N" firstOfSequence="Y">
			<qualifier></qualifier>
			<genericFieldName></genericFieldName>
			<detailedFieldName>Start of Block</detailedFieldName>
			<content>
				<value>ADDINFO</value>		
			</content>
		</field>
		<field id="98" tag="70E" status="O" repetitive="Y" repetitiveStart="Y" repetitiveEnd="Y">
			<qualifier>
				<format>4!c</format>		
			</qualifier>
			<genericFieldName>Narrative</genericFieldName>
			<detailedFieldName></detailedFieldName>
			<content>
				<format>70E</format>		
			</content>
		</field>
		<field id="99" tag="95a" status="O" repetitive="Y" repetitiveStart="Y" repetitiveEnd="Y">
			<qualifier>
				<format>4!c</format>
			</qualifier>
			<genericFieldName>Party</genericFieldName>
			<detailedFieldName></detailedFieldName>
			<options>
				<option name="P">
					<format>95P</format>
				</option>		
				<option name="Q">
					<format>95Q</format>
				</option>
				<option name="R">
					<format>95R</format>
				</option>
			</options>
		</field>
		<field id="100" tag="16S" status="M" repetitive="N" lastOfSequence="Y">
			<qualifier></qualifier>
			<genericFieldName></genericFieldName>
			<detailedFieldName>End of Block</detailedFieldName>
			<content>
				<value>ADDINFO</value>		
			</content>
		</field>
	</sequence>	<!-- End of Sequence F -->
</mt>