<?xml version="1.0" encoding="utf-8"?>
<mt id="568" name="Corporate Action Narrative" xmlns:xsi="http://www.w3.org/2001/XMLSchema-instance"
    xsi:noNamespaceSchemaLocation="mt_schema.xsd">
    <sequence id="1" shortName="A" name="Mandatory Sequence A General Information" status="M" repetitive="N"
        nextSequenceId="3">
        <field id="1" tag="16R" status="M" repetitive="N" firstOfSequence="Y">
            <qualifier />
            <genericFieldName></genericFieldName>
            <detailedFieldName>Start of Block</detailedFieldName>
            <content>
                <value>GENL</value>
            </content>
        </field>
        <field id="2" tag="20C" status="M" repetitive="Y" repetitiveEnd="Y" repetitiveStart="Y">
            <qualifier>
                <format>4!c</format>
            </qualifier>
            <genericFieldName>Reference</genericFieldName>
            <detailedFieldName></detailedFieldName>
            <content>
                <format>20C</format>
            </content>
        </field>
        <field id="3" tag="23G" status="M" repetitive="N">
            <qualifier />
            <genericFieldName />
            <detailedFieldName>Function of the Message</detailedFieldName>
            <content>
                <format>23G</format>
            </content>
        </field>
        <field id="4" tag="22F" status="M" repetitive="N">
            <qualifier>
                <value>CAEV</value>
            </qualifier>
            <genericFieldName>Indicator</genericFieldName>
            <detailedFieldName>Corporate Action Event Indicator</detailedFieldName>
            <content>
                <format>22F</format>
            </content>
        </field>
        <field id="5" tag="98a" status="O" repetitive="N">
            <qualifier>
                <value>PREP</value>
            </qualifier>
            <genericFieldName>Date/Time</genericFieldName>
            <detailedFieldName>Preparation Date</detailedFieldName>
            <options>
                <option name="A">
                    <format>98A</format>
                </option>
                <option name="C">
                    <format>98C</format>
                </option>
            </options>
        </field>
        <sequence id="2" shortName="A1" name="Optional Repetitive Subsequence A1 Linkages" status="O"
            repetitive="Y" parentSequenceId="1">
            <field id="6" tag="16R" status="M" repetitive="N" firstOfSequence="Y">
                <qualifier />
                <genericFieldName></genericFieldName>
                <detailedFieldName>Start of Block</detailedFieldName>
                <content>
                    <value>LINK</value>
                </content>
            </field>
            <field id="7" tag="22F" status="O" repetitive="N">
                <qualifier>
                    <value>LINK</value>
                </qualifier>
                <genericFieldName>Indicator</genericFieldName>
                <detailedFieldName>Linkage Type Indicator</detailedFieldName>
                <content>
                    <format>22F</format>
                </content>
            </field>
            <field id="8" tag="13a" status="O" repetitive="N">
                <qualifier>
                    <value>LINK</value>
                </qualifier>
                <genericFieldName>Number Identification</genericFieldName>
                <detailedFieldName>Linked Message</detailedFieldName>
                <options>
                    <option name="A">
                        <format>13A</format>
                    </option>
                    <option name="B">
                        <format>13B</format>
                    </option>
                </options>
            </field>
            <field id="9" tag="20C" status="M" repetitive="N">
                <qualifier>
                    <format>4!c</format>
                </qualifier>
                <genericFieldName>Reference</genericFieldName>
                <detailedFieldName />
                <content>
                    <format>20C</format>
                </content>
            </field>
            <field id="10" tag="16S" status="M" repetitive="N" lastOfSequence="Y">
                <qualifier />
                <genericFieldName />
                <detailedFieldName>End of Block</detailedFieldName>
                <content>
                    <value>LINK</value>
                </content>
            </field>
        </sequence> <!--  end of sequence A1 -->
        <field id="11" tag="16S" status="M" repetitive="N" lastOfSequence="Y">
            <qualifier />
            <genericFieldName />
            <detailedFieldName>End of Block</detailedFieldName>
            <content>
                <value>GENL</value>
            </content>
        </field>
    </sequence> <!-- end of sequence A -->

    <sequence id="3" shortName="B" name="Optional Sequence B Underlying Securities" status="O" repetitive="N"
        nextSequenceId="5">
        <field id="12" tag="16R" status="M" repetitive="N" firstOfSequence="Y">
            <qualifier />
            <genericFieldName />
            <detailedFieldName>Start of Block</detailedFieldName>
            <content>
                <value>USECU</value>
            </content>
        </field>
        <field id="13" tag="95a" status="O" repetitive="N">
            <qualifier>
                <value>ACOW</value>
            </qualifier>
            <genericFieldName>Party</genericFieldName>
            <detailedFieldName>Account Owner</detailedFieldName>
            <options>
                <option name="P">
                    <format>95P</format>
                </option>
                <option name="R">
                    <format>95R</format>
                </option>
            </options>
        </field>
        <field id="14" tag="97a" status="M" repetitive="N">
            <qualifier>
                <value>SAFE</value>
            </qualifier>
            <genericFieldName>Account</genericFieldName>
            <detailedFieldName>Safekeeping Account</detailedFieldName>
            <options>
                <option name="A">
                    <format>97A</format>
                </option>
                <option name="C">
                    <format>97B</format>
                </option>
            </options>
        </field>
        <field id="15" tag="94a" status="O" repetitive="N">
            <qualifier>
                <value>SAFE</value>
            </qualifier>
            <genericFieldName>Place</genericFieldName>
            <detailedFieldName>Place of Safekeeping</detailedFieldName>
            <options>
                <option name="B">
                    <format>94B</format>
                </option>
                <option name="C">
                    <format>94C</format>
                </option>
                <option name="F">
                    <format>94F</format>
                </option>
            </options>
        </field>
        <field id="16" tag="35B" status="O" repetitive="N">
            <qualifier></qualifier>
            <genericFieldName></genericFieldName>
            <detailedFieldName>Identification of the Financial Instrument</detailedFieldName>
            <content>
                <format>35B</format>
            </content>
        </field>
        <sequence id="4" parentSequenceId="3" shortName="B2" name="Optional Subsequence B1 Financial Instrument Attributes"
            repetitive="N" status="O">
            <field id="17" tag="16R" status="M" repetitive="N" firstOfSequence="Y">
                <qualifier></qualifier>
                <genericFieldName></genericFieldName>
                <detailedFieldName>Start of BLock</detailedFieldName>
                <content>
                    <value>FIA</value>
                </content>
            </field>
            <field id="18" tag="94B" status="O" repetitive="N">
                <qualifier>
                    <value>PLIS</value>
                </qualifier>
                <genericFieldName>Place</genericFieldName>
                <detailedFieldName>Place of Listing</detailedFieldName>
                <content>
                    <format>94B</format>
                </content>
            </field>
            <field id="19" tag="22F" status="O" repetitive="N">
                <qualifier>
                    <value>MICO</value>
                </qualifier>
                <genericFieldName>Indicator</genericFieldName>
                <detailedFieldName>Method of Interest Computation Indicator</detailedFieldName>
                <content>
                    <format>22F</format>
                </content>
            </field>
            <field id="20" tag="12a" status="O" repetitive="N">
                <qualifier>
                    <value>CLAS</value>
                </qualifier>
                <genericFieldName>Type of Financial Instrument</genericFieldName>
                <detailedFieldName>Classification Type</detailedFieldName>
                <options>
                    <option name="A">
                        <format>12A</format>
                    </option>
                    <option name="C">
                        <format>12C</format>
                    </option>
                </options>
            </field>
            <field id="21" tag="11A" status="O" repetitive="N">
                <qualifier>
                    <value>DENO</value>
                </qualifier>
                <genericFieldName>Currency</genericFieldName>
                <detailedFieldName>Currency of Denomination</detailedFieldName>
                <content>
                    <format>11A</format>
                </content>
            </field>
            <field id="22" tag="98A" status="O" repetitive="Y" repetitiveEnd="Y" repetitiveStart="Y">
                <qualifier>
                    <format>4!c</format>
                </qualifier>
                <genericFieldName>Date/Time</genericFieldName>
                <detailedFieldName></detailedFieldName>
                <content>
                    <format>98A</format>
                </content>
            </field>
            <field id="23" tag="92A" status="O" repetitive="Y" repetitiveEnd="Y" repetitiveStart="Y">
                <qualifier>
                    <format>4!c</format>
                </qualifier>
                <genericFieldName>Rate</genericFieldName>
                <detailedFieldName></detailedFieldName>
                <content>
                    <format>92A</format>
                </content>
            </field>
            <field id="24" tag="36B" status="O" repetitive="Y" repetitiveEnd="Y" repetitiveStart="Y">
                <qualifier>
                    <format>4!c</format>
                </qualifier>
                <genericFieldName>Quantity of Financial Instrument</genericFieldName>
                <detailedFieldName></detailedFieldName>
                <content>
                    <format>36B</format>
                </content>
            </field>
            <field id="25" tag="16S" status="M" repetitive="N" lastOfSequence="Y">
                <qualifier></qualifier>
                <genericFieldName></genericFieldName>
                <detailedFieldName>End of Block</detailedFieldName>
                <content>
                    <value>FIA</value>
                </content>
            </field>
        </sequence> <!-- End of Subsequence B1 -->
        <field id="26" tag="93a" status="O" repetitive="Y" repetitiveEnd="Y" repetitiveStart="Y">
            <qualifier>
                <format>4!c</format>
            </qualifier>
            <genericFieldName>Balance</genericFieldName>
            <detailedFieldName></detailedFieldName>
            <options>
                <option name="B">
                    <format>93B</format>
                </option>
                <option name="C">
                    <format>93C</format>
                </option>
            </options>
        </field>
        <field id="27" tag="16S" status="M" repetitive="N" lastOfSequence="Y">
            <qualifier></qualifier>
            <genericFieldName></genericFieldName>
            <detailedFieldName>End of Block</detailedFieldName>
            <content>
                <value>USECU</value>
            </content>
        </field>
    </sequence> <!-- End of Sequence B -->
    <sequence id="5" shortName="C" name="Mandatory Sequence C Additional Information"
        repetitive="N" status="M">
        <field id="28" tag="16R" status="M" repetitive="N" firstOfSequence="Y">
            <qualifier></qualifier>
            <genericFieldName></genericFieldName>
            <detailedFieldName>Start of Block</detailedFieldName>
            <content>
                <value>ADDINFO</value>
            </content>
        </field>
        <field id="29" tag="70a" status="M" repetitive="Y" repetitiveStart="Y" repetitiveEnd="Y">
            <qualifier>
                <format>4!c</format>
            </qualifier>
            <genericFieldName>Narrative</genericFieldName>
            <detailedFieldName></detailedFieldName>
            <options>
                <option name="E">
                    <format>70E</format>
                </option>
                <option name="F">
                    <format>70F</format>
                </option>
            </options>
        </field>
        <field id="30" tag="95a" status="O" repetitive="Y" repetitiveEnd="Y" repetitiveStart="Y">
            <qualifier>
                <format>4!c</format>
            </qualifier>
            <genericFieldName>Party</genericFieldName>
            <detailedFieldName></detailedFieldName>
            <options>
                <option name="P">
                    <format>95P</format>
                </option>
                <option name="Q">
                    <format>95Q</format>
                </option>
                <option name="R">
                    <format>95R</format>
                </option>
            </options>
        </field>
        <field id="31" tag="16S" status="M" repetitive="N" lastOfSequence="Y">
            <qualifier></qualifier>
            <genericFieldName></genericFieldName>
            <detailedFieldName>End of Block</detailedFieldName>
            <content>
                <value>ADDINFO</value>
            </content>
        </field>
    </sequence> <!-- end of sequence C -->
</mt>