<?xml version="1.0" encoding="utf-8"?>
<mt id="567" name="Corporate Action Status and Processing Advice" xmlns:xsi="http://www.w3.org/2001/XMLSchema-instance"
    xsi:noNamespaceSchemaLocation="mt_schema.xsd">
    <sequence id="1" shortName="A" name="Mandatory Sequence A General Information" status="M" repetitive="N"
        nextSequenceId="5">
        <field id="1" tag="16R" status="M" repetitive="N" firstOfSequence="Y">
            <qualifier />
            <genericFieldName></genericFieldName>
            <detailedFieldName>Start of Block</detailedFieldName>
            <content>
                <value>GENL</value>
            </content>
        </field>
        <field id="2" tag="20C" status="M" repetitive="Y" repetitiveEnd="Y" repetitiveStart="Y">
            <qualifier>
                <format>4!c</format>
            </qualifier>
            <genericFieldName>Reference</genericFieldName>
            <detailedFieldName></detailedFieldName>
            <content>
                <format>20C</format>
            </content>
        </field>
        <field id="3" tag="23G" status="M" repetitive="N">
            <qualifier />
            <genericFieldName />
            <detailedFieldName>Function of the Message</detailedFieldName>
            <content>
                <format>23G</format>
            </content>
        </field>
        <field id="4" tag="22F" status="M" repetitive="N">
            <qualifier>
                <value>CAEV</value>
            </qualifier>
            <genericFieldName>Indicator</genericFieldName>
            <detailedFieldName>Corporate Action Event Indicator</detailedFieldName>
            <content>
                <format>22F</format>
            </content>
        </field>
        <field id="5" tag="98a" status="O" repetitive="N">
            <qualifier>
                <value>PREP</value>
            </qualifier>
            <genericFieldName>Date/Time</genericFieldName>
            <detailedFieldName>Preparation Date</detailedFieldName>
            <options>
                <option name="A">
                    <format>98A</format>
                </option>
                <option name="C">
                    <format>98C</format>
                </option>
            </options>
        </field>
        <sequence id="2" shortName="A1" name="Mandatory Repetitive Subsequence A1 Linkages" status="M"
            repetitive="Y" parentSequenceId="1" nextSequenceId="3">
            <field id="6" tag="16R" status="M" repetitive="N" firstOfSequence="Y">
                <qualifier />
                <genericFieldName></genericFieldName>
                <detailedFieldName>Start of Block</detailedFieldName>
                <content>
                    <value>LINK</value>
                </content>
            </field>
            <field id="7" tag="13a" status="O" repetitive="N">
                <qualifier>
                    <value>LINK</value>
                </qualifier>
                <genericFieldName>Number Identification</genericFieldName>
                <detailedFieldName>Linked Message</detailedFieldName>
                <options>
                    <option name="A">
                        <format>13A</format>
                    </option>
                    <option name="B">
                        <format>13B</format>
                    </option>
                </options>            
            </field>
            <field id="8" tag="20C" status="M" repetitive="N">
                <qualifier>
                    <format>4!c</format>
                </qualifier>
                <genericFieldName>Reference</genericFieldName>
                <detailedFieldName />
                <content>
                    <format>20C</format>
                </content>
            </field>
            <field id="9" tag="16S" status="M" repetitive="N" lastOfSequence="Y">
                <qualifier />
                <genericFieldName />
                <detailedFieldName>End of Block</detailedFieldName>
                <content>
                    <value>LINK</value>
                </content>
            </field>
        </sequence> <!--  end of Subsequence A1 -->
        <sequence id="3" parentSequenceId="1" shortName="A2" name="Mandatory Repetitive Subsequence A2 Status"
            repetitive="Y" status="M">
            <field id="10" tag="16R" status="M" repetitive="N" firstOfSequence="Y">
                <qualifier />
                <genericFieldName />
                <detailedFieldName>Start of Block</detailedFieldName>
                <content>
                    <value>STAT</value>
                </content>
            </field>
            <field id="11" tag="25D" status="M" repetitive="N">
                <qualifier>
                    <format>4!c</format>
                </qualifier>
                <genericFieldName>Status Code</genericFieldName>
                <detailedFieldName></detailedFieldName>
                <content>
                    <format>25D</format>
                </content>
            </field>
            <sequence id="4" parentSequenceId="3" shortName="A2a" name="Optional Repetitive Subsequence A2a Reason"
                repetitive="Y" status="O">
                <field id="12" tag="16R" status="M" repetitive="N" firstOfSequence="Y">
                    <qualifier></qualifier>
                    <genericFieldName></genericFieldName>
                    <detailedFieldName>Start of Block</detailedFieldName>
                    <content>
                        <value>REAS</value>
                    </content>
                </field>
                <field id="13" tag="24B" status="M" repetitive="N">
                    <qualifier>
                        <format>4!c</format>
                    </qualifier>
                    <genericFieldName>Reason Code</genericFieldName>
                    <detailedFieldName></detailedFieldName>
                    <content>
                        <format>24B</format>
                    </content>
                </field>
                <field id="14" tag="70D" status="O" repetitive="N">
                    <qualifier>
                        <value>REAS</value>
                    </qualifier>
                    <genericFieldName>Narrative</genericFieldName>
                    <detailedFieldName>Reason Narrative</detailedFieldName>
                    <content>
                        <format>70D</format>
                    </content>
                </field>
                <field id="15" tag="16S" status="M" repetitive="N" lastOfSequence="Y">
                    <qualifier />
                    <genericFieldName />
                    <detailedFieldName>End of Block</detailedFieldName>
                    <content>
                        <value>REAS</value>
                    </content>
                </field>
            </sequence> <!-- End of Subsequence A2a -->
            <field id="16" tag="16S" status="M" repetitive="N" lastOfSequence="Y">
                <qualifier />
                <genericFieldName />
                <detailedFieldName>End of Block</detailedFieldName>
                <content>
                    <value>STAT</value>
                </content>
            </field>
        </sequence> <!-- End of Subsequence A2 -->
        <field id="17" tag="16S" status="M" repetitive="N" lastOfSequence="Y">
            <qualifier />
            <genericFieldName />
            <detailedFieldName>End of Block</detailedFieldName>
            <content>
                <value>GENL</value>
            </content>
        </field>
    </sequence> <!-- end of sequence A -->

    <sequence id="5" shortName="B" name="Optional Sequence B Corporate Action Details" status="O" repetitive="N"
        nextSequenceId="6">
        <field id="18" tag="16R" status="M" repetitive="N" firstOfSequence="Y">
            <qualifier />
            <genericFieldName />
            <detailedFieldName>Start of Block</detailedFieldName>
            <content>
                <value>CADETL</value>
            </content>
        </field>
        <field id="19" tag="13A" status="O" repetitive="N">
            <qualifier>
                <value>CAON</value>
            </qualifier>
            <genericFieldName>Number Identification</genericFieldName>
            <detailedFieldName>CA Option Number</detailedFieldName>
            <content>
                <format>13A</format>
            </content>
        </field>
        <field id="20" tag="22a" status="O" repetitive="N">
            <qualifier>
                <value>CAOP</value>
            </qualifier>
            <genericFieldName>Indicator</genericFieldName>
            <detailedFieldName>Corporate Action Option Code Indicator</detailedFieldName>
            <options>
                <option name="F">
                    <format>22F</format>
                </option>
                <option name="H">
                    <format>22H</format>
                </option>
            </options>
        </field>
        <field id="21" tag="95a" status="O" repetitive="N">
            <qualifier>
                <value>ACOW</value>
            </qualifier>
            <genericFieldName>Party</genericFieldName>
            <detailedFieldName>Account Owner</detailedFieldName>
            <options>
                <option name="P">
                    <format>95P</format>
                </option>
                <option name="R">
                    <format>95R</format>
                </option>
            </options>
        </field>
        <field id="22" tag="97a" status="O" repetitive="Y" repetitiveEnd="Y" repetitiveStart="Y">
            <qualifier>
                <format>4!c</format>
            </qualifier>
            <genericFieldName>Account</genericFieldName>
            <detailedFieldName></detailedFieldName>
            <options>
                <option name="A">
                    <format>97A</format>
                </option>
                <option name="E">
                    <format>97E</format>
                </option>
            </options>
        </field>
        <field id="23" tag="94a" status="O" repetitive="N">
            <qualifier>
                <value>SAFE</value>
            </qualifier>
            <genericFieldName>Place</genericFieldName>
            <detailedFieldName>Place of Safekeeping</detailedFieldName>
            <options>
                <option name="B">
                    <format>94B</format>
                </option>
                <option name="C">
                    <format>94C</format>
                </option>
                <option name="F">
                    <format>94F</format>
                </option>
            </options>
        </field>
        <field id="24" tag="35B" status="O" repetitive="N">
            <qualifier></qualifier>
            <genericFieldName></genericFieldName>
            <detailedFieldName>Identification of the Financial Instrument</detailedFieldName>
            <content>
                <format>35B</format>
            </content>
        </field>
        <field id="25" tag="36B" status="O" repetitive="Y" repetitiveEnd="Y" repetitiveStart="Y">
            <qualifier>
                <format>4!c</format>
            </qualifier>
            <genericFieldName>Quantity of Financial Instrument</genericFieldName>
            <detailedFieldName></detailedFieldName>
            <content>
                <format>36B</format>
            </content>
        </field>
        <field id="26" tag="19B" status="O" repetitive="Y" repetitiveEnd="Y" repetitiveStart="Y">
            <qualifier>
                <format>4!c</format>
            </qualifier>
            <genericFieldName>Amount</genericFieldName>
            <detailedFieldName></detailedFieldName>
            <content>
                <format>19B</format>
            </content>
        </field>
        <field id="27" tag="93B" status="O" repetitive="Y" repetitiveEnd="Y" repetitiveStart="Y">
            <qualifier>
                <format>4!c</format>
            </qualifier>
            <genericFieldName>Balance</genericFieldName>
            <detailedFieldName></detailedFieldName>
            <content>
                <format>93B</format>
            </content>
        </field>
        <field id="28" tag="16S" status="M" repetitive="N" lastOfSequence="Y">
            <qualifier></qualifier>
            <genericFieldName></genericFieldName>
            <detailedFieldName>End of Block</detailedFieldName>
            <content>
                <value>CADETL</value>
            </content>
        </field>
    </sequence> <!-- End of Sequence B -->
    <sequence id="6" shortName="C" name="Optional Sequence C Additional Information"
        repetitive="N" status="O">
        <field id="29" tag="16R" status="M" repetitive="N" firstOfSequence="Y">
            <qualifier></qualifier>
            <genericFieldName></genericFieldName>
            <detailedFieldName>Start of Block</detailedFieldName>
            <content>
                <value>ADDINFO</value>
            </content>
        </field>
        <field id="30" tag="70E" status="O" repetitive="Y" repetitiveStart="Y" repetitiveEnd="Y">
            <qualifier>
                <format>4!c</format>
            </qualifier>
            <genericFieldName>Narrative</genericFieldName>
            <detailedFieldName></detailedFieldName>
            <content>
                <format>70E</format>
            </content>
        </field>
        <field id="31" tag="95a" status="O" repetitive="Y" repetitiveEnd="Y" repetitiveStart="Y">
            <qualifier>
                <format>4!c</format>
            </qualifier>
            <genericFieldName>Party</genericFieldName>
            <detailedFieldName></detailedFieldName>
            <options>
                <option name="P">
                    <format>95P</format>
                </option>
                <option name="Q">
                    <format>95Q</format>
                </option>
                <option name="R">
                    <format>95R</format>
                </option>
            </options>
        </field>
        <field id="32" tag="16S" status="M" repetitive="N" lastOfSequence="Y">
            <qualifier></qualifier>
            <genericFieldName></genericFieldName>
            <detailedFieldName>End of Block</detailedFieldName>
            <content>
                <value>ADDINFO</value>
            </content>
        </field>
    </sequence> <!-- end of sequence C -->
</mt>