<?xml version="1.0" encoding="utf-8"?>
<mt id="586" name="Statement of Settlement Allegements" xmlns:xsi="http://www.w3.org/2001/XMLSchema-instance"
    xsi:noNamespaceSchemaLocation="mt_schema.xsd">
    <sequence id="1" shortName="A" name="Mandatory Sequence A General Information" status="M" repetitive="N"
        nextSequenceId="3">
        <field id="1" tag="16R" status="M" repetitive="N" firstOfSequence="Y">
            <qualifier />
            <genericFieldName />
            <detailedFieldName>Start of Block</detailedFieldName>
            <content>
                <value>GENL</value>
            </content>
        </field>
        <field id="2" tag="28E" status="M" repetitive="N">
            <qualifier></qualifier>
            <genericFieldName></genericFieldName>
            <detailedFieldName>Page Number/Continuation Indicator</detailedFieldName>
            <content>
                <format>28E</format>
            </content>
        </field>
        <field id="3" tag="13a" status="O" repetitive="N">
            <qualifier>
                <value>STAT</value>
            </qualifier>
            <genericFieldName>Number Identification</genericFieldName>
            <detailedFieldName>Statement Number</detailedFieldName>
            <options>
                <option name="A">
                    <format>13A</format>
                </option>
                <option name="J">
                    <format>13J</format>
                </option>
            </options>
        </field>
        <field id="4" tag="20C" status="M" repetitive="N">
            <qualifier>
                <value>SEME</value>
            </qualifier>
            <genericFieldName>Reference</genericFieldName>
            <detailedFieldName>Sender's Message Reference</detailedFieldName>
            <content>
                <format>20C</format>
            </content>
        </field>
        <field id="5" tag="23G" status="M" repetitive="N">
            <qualifier />
            <genericFieldName />
            <detailedFieldName>Function of the Message</detailedFieldName>
            <content>
                <format>23G</format>
            </content>
        </field>
        <field id="6" tag="98a" status="M" repetitive="Y" repetitiveEnd="Y" repetitiveStart="Y">
            <qualifier>
                <format>4!c</format>
            </qualifier>
            <genericFieldName>Date/Time</genericFieldName>
            <detailedFieldName></detailedFieldName>
            <options>
                <option name="A">
                    <format>98A</format>
                </option>
                <option name="C">
                    <format>98C</format>
                </option>
                <option name="E">
                    <format>98E</format>
                </option>
            </options>
        </field>
        <field id="7" tag="22F" status="O" repetitive="Y" repetitiveEnd="Y" repetitiveStart="Y">
            <qualifier>
                <format>4!c</format>
            </qualifier>
            <genericFieldName>Indicator</genericFieldName>
            <detailedFieldName></detailedFieldName>
            <content>
                <format>22F</format>
            </content>
        </field>
        <sequence id="2" parentSequenceId="1" shortName="A1" name="Optional Repetitive Subsequence A1 Linkages"
            repetitive="Y" status="O">
            <field id="8" tag="16R" status="M" repetitive="N" firstOfSequence="Y">
                <qualifier></qualifier>
                <genericFieldName></genericFieldName>
                <detailedFieldName>Start of Block</detailedFieldName>
                <content>
                    <value>LINK</value>
                </content>
            </field>
            <field id="9" tag="13a" status="O" repetitive="N">
                <qualifier>
                    <value>LINK</value>
                </qualifier>
                <genericFieldName>Number Identification</genericFieldName>
                <detailedFieldName>Linked Message</detailedFieldName>
                <options>
                    <option name="A">
                        <format>13A</format>
                    </option>
                    <option name="B">
                        <format>13B</format>
                    </option>
                </options>
            </field>
            <field id="10" tag="20C" status="M" repetitive="N">
                <qualifier>
                    <format>4!c</format>
                </qualifier>
                <genericFieldName>Reference</genericFieldName>
                <detailedFieldName></detailedFieldName>
                <content>
                    <format>20C</format>
                </content>
            </field>
            <field id="11" tag="16S" status="M" repetitive="N" lastOfSequence="Y">
                <qualifier></qualifier>
                <genericFieldName></genericFieldName>
                <detailedFieldName>End of Block</detailedFieldName>
                <content>
                    <value>LINK</value>
                </content>
            </field>
        </sequence> <!-- End of Subsequence A1 -->
        <field id="12" tag="95a" status="O" repetitive="N">
            <qualifier>
                <value>ACOW</value>
            </qualifier>
            <genericFieldName>Party</genericFieldName>
            <detailedFieldName>Account Owner</detailedFieldName>
            <options>
                <option name="P">
                    <format>95P</format>
                </option>
                <option name="R">
                    <format>95R</format>
                </option>
            </options>
        </field>
        <field id="13" tag="97a" status="M" repetitive="N">
            <qualifier>
                <value>SAFE</value>
            </qualifier>
            <genericFieldName>Account</genericFieldName>
            <detailedFieldName>Safekeeping Account</detailedFieldName>
            <options>
                <option name="A">
                    <format>97A</format>
                </option>
                <option name="B">
                    <format>97B</format>
                </option>
            </options>
        </field>
        <field id="14" tag="17B" status="M" repetitive="N">
            <qualifier>
                <value>ACTI</value>
            </qualifier>
            <genericFieldName>Flag</genericFieldName>
            <detailedFieldName>Activity Flag</detailedFieldName>
            <content>
                <format>17B</format>
            </content>
        </field>
        <field id="15" tag="16S" status="M" repetitive="N" lastOfSequence="Y">
            <qualifier></qualifier>
            <genericFieldName></genericFieldName>
            <detailedFieldName>End of Block</detailedFieldName>
            <content>
                <value>GENL</value>
            </content>
        </field>
    </sequence>  <!-- End of Sequence A -->
    <sequence id="3" nextSequenceId="12" shortName="B" name="Optional Repetitive Sequence B Allegement Details"
        status="O" repetitive="Y">
        <field id="16" tag="16R" status="M" repetitive="N" firstOfSequence="Y">
            <qualifier />
            <genericFieldName />
            <detailedFieldName>Start of Block</detailedFieldName>
            <content>
                <value>ALLDET</value>
            </content>
        </field>
        <sequence id="4" parentSequenceId="3" nextSequenceId="5" shortName="B1"
            name="Optional Repetitive Subsequence B1 Linkages" status="O" repetitive="Y">
            <field id="17" tag="16R" status="M" repetitive="N" firstOfSequence="Y">
                <qualifier />
                <genericFieldName />
                <detailedFieldName>Start of Block</detailedFieldName>
                <content>
                    <value>LINK</value>
                </content>
            </field>
            <field id="18" tag="13a" status="O" repetitive="N">
                <qualifier>
                    <value>LINK</value>
                </qualifier>
                <genericFieldName>Number Identification</genericFieldName>
                <detailedFieldName>Linked Message</detailedFieldName>
                <options>
                    <option name="A">
                        <format>13A</format>
                    </option>
                    <option name="B">
                        <format>13B</format>
                    </option>
                </options>
            </field>
            <field id="19" tag="20C" status="M" repetitive="N">
                <qualifier>
                    <format>4!c</format>
                </qualifier>
                <genericFieldName>Reference</genericFieldName>
                <detailedFieldName></detailedFieldName>
                <content>
                    <format>20C</format>
                </content>
            </field>
            <field id="20" tag="16S" status="M" repetitive="N" lastOfSequence="Y">
                <qualifier></qualifier>
                <genericFieldName></genericFieldName>
                <detailedFieldName>End of Block</detailedFieldName>
                <content>
                    <value>LINK</value>
                </content>
            </field>
        </sequence> <!-- End of Subsequence B1 -->
        <field id="21" tag="25D" status="O" repetitive="N">
            <qualifier>
                <value>ALLE</value>
            </qualifier>
            <genericFieldName>Status</genericFieldName>
            <detailedFieldName>Allegement Status</detailedFieldName>
            <content>
                <format>25D</format>
            </content>
        </field>
        <field id="22" tag="94a" status="O" repetitive="Y" repetitiveEnd="Y" repetitiveStart="Y">
            <qualifier>
                <format>4!c</format>
            </qualifier>
            <genericFieldName>Place</genericFieldName>
            <detailedFieldName></detailedFieldName>
            <options>
                <option name="B">
                    <format>94B</format>
                </option>
                <option name="H">
                    <format>94H</format>
                </option>
            </options>
        </field>
        <field id="23" tag="98a" status="M" repetitive="Y" repetitiveEnd="Y" repetitiveStart="Y">
            <qualifier>
                <format>4!c</format>
            </qualifier>
            <genericFieldName>Date/Time</genericFieldName>
            <detailedFieldName></detailedFieldName>
            <options>
                <option name="A">
                    <format>98A</format>
                </option>
                <option name="B">
                    <format>98B</format>
                </option>
                <option name="C">
                    <format>98C</format>
                </option>
            </options>
        </field>
        <field id="24" tag="90a" status="O" repetitive="N">
            <qualifier>
                <value>DEAL</value>
            </qualifier>
            <genericFieldName>Price</genericFieldName>
            <detailedFieldName>Deal Price</detailedFieldName>
            <options>
                <option name="A">
                    <format>90A</format>
                </option>
                <option name="B">
                    <format>90B</format>
                </option>
            </options>
        </field>
        <field id="25" tag="99A" status="O" repetitive="N">
            <qualifier>
                <value>DAAC</value>
            </qualifier>
            <genericFieldName>Number Count</genericFieldName>
            <detailedFieldName>Number of Days Accrued</detailedFieldName>
            <content>
                <format>99A</format>
            </content>
        </field>
        <field id="26" tag="35B" status="M" repetitive="N">
            <qualifier></qualifier>
            <genericFieldName></genericFieldName>
            <detailedFieldName>Identification of the Financial Instrument</detailedFieldName>
            <content>
                <format>35B</format>
            </content>
        </field>
        <sequence id="5" parentSequenceId="3" nextSequenceId="6" shortName="B2" repetitive="N" status="O"
            name="Optional Subsequence B2 Financial Instrument Attributes">
            <field id="27" tag="16R" status="M" repetitive="N" firstOfSequence="Y">
                <qualifier></qualifier>
                <genericFieldName></genericFieldName>
                <detailedFieldName>Start of BLock</detailedFieldName>
                <content>
                    <value>FIA</value>
                </content>
            </field>
            <field id="28" tag="94B" status="O" repetitive="N">
                <qualifier>
                    <value>PLIS</value>
                </qualifier>
                <genericFieldName>Place</genericFieldName>
                <detailedFieldName>Place of Listing</detailedFieldName>
                <content>
                    <value>94B</value>
                </content>
            </field>
            <field id="29" tag="22F" status="O" repetitive="Y" repetitiveEnd="Y" repetitiveStart="Y">
                <qualifier>
                    <format>4!c</format>
                </qualifier>
                <genericFieldName>Indicator</genericFieldName>
                <detailedFieldName></detailedFieldName>
                <content>
                    <format>22F</format>
                </content>
            </field>
            <field id="30" tag="12a" status="O" repetitive="Y" repetitiveEnd="Y" repetitiveStart="Y">
                <qualifier>
                    <format>4!c</format>
                </qualifier>
                <genericFieldName>Type of Financial Instrument</genericFieldName>
                <detailedFieldName></detailedFieldName>
                <options>
                    <option name="A">
                        <format>12A</format>
                    </option>
                    <option name="B">
                        <format>12B</format>
                    </option>
                    <option name="C">
                        <format>12C</format>
                    </option>
                </options>
            </field>
            <field id="31" tag="11A" status="O" repetitive="N">
                <qualifier>
                    <value>DENO</value>
                </qualifier>
                <genericFieldName>Currency</genericFieldName>
                <detailedFieldName>Currency of Denomination</detailedFieldName>
                <content>
                    <format>11A</format>
                </content>
            </field>
            <field id="32" tag="98A" status="O" repetitive="Y" repetitiveEnd="Y" repetitiveStart="Y">
                <qualifier>
                    <format>4!c</format>
                </qualifier>
                <genericFieldName>Date</genericFieldName>
                <detailedFieldName></detailedFieldName>
                <content>
                    <format>98A</format>
                </content>
            </field>
            <field id="33" tag="92A" status="O" repetitive="Y" repetitiveEnd="Y" repetitiveStart="Y">
                <qualifier>
                    <format>4!c</format>
                </qualifier>
                <genericFieldName>Rate</genericFieldName>
                <detailedFieldName></detailedFieldName>
                <content>
                    <format>92A</format>
                </content>
            </field>
            <field id="34" tag="13a" status="O" repetitive="Y" repetitiveEnd="Y" repetitiveStart="Y">
                <qualifier>
                    <format>4!c</format>
                </qualifier>
                <genericFieldName>Number Identification</genericFieldName>
                <detailedFieldName></detailedFieldName>
                <options>
                    <option name="A">
                        <format>13A</format>
                    </option>
                    <option name="B">
                        <format>13B</format>
                    </option>
                </options>
            </field>
            <field id="35" tag="17B" status="O" repetitive="Y" repetitiveEnd="Y" repetitiveStart="Y">
                <qualifier>
                    <format>4!c</format>
                </qualifier>
                <genericFieldName>Flag</genericFieldName>
                <detailedFieldName></detailedFieldName>
                <content>
                    <format>17B</format>
                </content>
            </field>
            <field id="36" tag="90a" status="O" repetitive="Y" repetitiveEnd="Y" repetitiveStart="Y">
                <qualifier>
                    <format>4!c</format>
                </qualifier>
                <genericFieldName>Price</genericFieldName>
                <detailedFieldName></detailedFieldName>
                <options>
                    <option name="A">
                        <format>90A</format>
                    </option>
                    <option name="B">
                        <format>90B</format>
                    </option>
                </options>
            </field>
            <field id="37" tag="36B" status="O" repetitive="Y" repetitiveEnd="Y" repetitiveStart="Y">
                <qualifier>
                    <format>4!c</format>
                </qualifier>
                <genericFieldName>Quantity of Financial Instrument</genericFieldName>
                <detailedFieldName></detailedFieldName>
                <content>
                    <format>36B</format>
                </content>
            </field>
            <field id="38" tag="35B" status="O" repetitive="Y" repetitiveEnd="Y" repetitiveStart="Y">
                <qualifier></qualifier>
                <genericFieldName></genericFieldName>
                <detailedFieldName>Identification of the Financial Instrument</detailedFieldName>
                <content>
                    <format>35B</format>
                </content>
            </field>
            <field id="39" tag="70E" status="O" repetitive="N">
                <qualifier>
                    <value>FIAN</value>
                </qualifier>
                <genericFieldName>Narrative</genericFieldName>
                <detailedFieldName>Financial Instrument Attribute Narrative</detailedFieldName>
                <content>
                    <format>70E</format>
                </content>
            </field>
            <field id="40" tag="16S" status="M" repetitive="N" lastOfSequence="Y">
                <qualifier></qualifier>
                <genericFieldName></genericFieldName>
                <detailedFieldName>End of Block</detailedFieldName>
                <content>
                    <value>FIA</value>
                </content>
            </field>
        </sequence> <!-- End of Subsequence B2 -->
        <field id="41" tag="22a" status="M" repetitive="Y" repetitiveEnd="Y" repetitiveStart="Y">
            <qualifier>
                <format>4!c</format>
            </qualifier>
            <genericFieldName>Indicator</genericFieldName>
            <detailedFieldName></detailedFieldName>
            <options>
                <option name="F">
                    <format>22F</format>
                </option>
                <option name="H">
                    <format>22H</format>
                </option>
            </options>
        </field>
        <sequence id="6" parentSequenceId="3" nextSequenceId="8" shortName="B3"
            name="Mandatory Subsequence B3 Financial Instrument/Account" repetitive="N" status="M">
            <field id="42" tag="16R" status="M" repetitive="N" firstOfSequence="Y">
                <qualifier />
                <genericFieldName />
                <detailedFieldName>Start of Block</detailedFieldName>
                <content>
                    <value>FIAC</value>
                </content>
            </field>
            <field id="43" tag="36B" status="M" repetitive="N">
                <qualifier>
                    <value>SETT</value>
                </qualifier>
                <genericFieldName>Quantity of Financial Instrument</genericFieldName>
                <detailedFieldName>Quantity of Financial Instrument to be Settled</detailedFieldName>
                <content>
                    <format>36B</format>
                </content>
            </field>
            <field id="44" tag="70D" status="O" repetitive="N">
                <qualifier>
                    <value>DENC</value>
                </qualifier>
                <genericFieldName>Narrative</genericFieldName>
                <detailedFieldName>Denomination Choice</detailedFieldName>
                <content>
                    <format>70D</format>
                </content>
            </field>
            <field id="45" tag="97a" status="O" repetitive="N">
                <qualifier>
                    <value>CASH</value>
                </qualifier>
                <genericFieldName>Account</genericFieldName>
                <detailedFieldName>Cash Account</detailedFieldName>
                <options>
                    <option name="A">
                        <format>97A</format>
                    </option>
                    <option name="E">
                        <format>97E</format>
                    </option>
                </options>
            </field>
            <field id="46" tag="94a" status="O" repetitive="N">
                <qualifier>
                    <value>SAFE</value>
                </qualifier>
                <genericFieldName>Place</genericFieldName>
                <detailedFieldName>Place of Safekeeping</detailedFieldName>
                <options>
                    <option name="B">
                        <format>94B</format>
                    </option>
                    <option name="C">
                        <format>94C</format>
                    </option>
                    <option name="F">
                        <format>94F</format>
                    </option>
                </options>
            </field>
            <sequence id="7" parentSequenceId="6" shortName="B3a"
                name="Optional Repetitive Subsequence B3a Quantity Breakdown" repetitive="Y" status="O">
                <field id="47" tag="16R" status="M" repetitive="N" firstOfSequence="Y">
                    <qualifier></qualifier>
                    <genericFieldName></genericFieldName>
                    <detailedFieldName>Start of Block</detailedFieldName>
                    <content>
                        <value>BREAK</value>
                    </content>
                </field>
                <field id="48" tag="13a" status="O" repetitive="N">
                    <qualifier>
                        <value>LOTS</value>
                    </qualifier>
                    <genericFieldName>Number Identification</genericFieldName>
                    <detailedFieldName>Lot Number</detailedFieldName>
                    <options>
                        <option name="A">
                            <format>13A</format>
                        </option>
                        <option name="B">
                            <format>13B</format>
                        </option>
                    </options>
                </field>
                <field id="49" tag="36B" status="O" repetitive="N">
                    <qualifier>
                        <value>LOTS</value>
                    </qualifier>
                    <genericFieldName>Quantity of Financial Instrument</genericFieldName>
                    <detailedFieldName>Quantity of Financial Instrument in The Lot</detailedFieldName>
                    <content>
                        <format>36B</format>
                    </content>
                </field>
                <field id="50" tag="98a" status="O" repetitive="N">
                    <qualifier>
                        <value>LOTS</value>
                    </qualifier>
                    <genericFieldName>Date/Time</genericFieldName>
                    <detailedFieldName>Lot Date/Time</detailedFieldName>
                    <options>
                        <option name="A">
                            <format>98A</format>
                        </option>
                        <option name="C">
                            <format>98C</format>
                        </option>
                        <option name="E">
                            <format>98E</format>
                        </option>
                    </options>
                </field>
                <field id="51" tag="90a" status="O" repetitive="N">
                    <qualifier>
                        <value>LOTS</value>
                    </qualifier>
                    <genericFieldName>Price</genericFieldName>
                    <detailedFieldName>Book/Lot Price</detailedFieldName>
                    <options>
                        <option name="A">
                            <format>90A</format>
                        </option>
                        <option name="B">
                            <format>90B</format>
                        </option>
                    </options>
                </field>
                <field id="52" tag="22F" status="O" repetitive="N">
                    <qualifier>
                        <value>PRIC</value>
                    </qualifier>
                    <genericFieldName>Indicator</genericFieldName>
                    <detailedFieldName>Type of Price Indicator</detailedFieldName>
                    <content>
                        <format>22F</format>
                    </content>
                </field>
                <field id="53" tag="16S" status="M" repetitive="N" lastOfSequence="Y">
                    <qualifier></qualifier>
                    <genericFieldName></genericFieldName>
                    <detailedFieldName>End of Block</detailedFieldName>
                    <content>
                        <value>BREAK</value>
                    </content>
                </field>
            </sequence>
            <field id="54" tag="16S" status="M" repetitive="N" lastOfSequence="Y">
                <qualifier></qualifier>
                <genericFieldName></genericFieldName>
                <detailedFieldName>End of Block</detailedFieldName>
                <content>
                    <value>FIAC</value>
                </content>
            </field>
        </sequence>
        <sequence id="8" parentSequenceId="3" nextSequenceId="9" shortName="B4" repetitive="N" status="O"
            name="Optional Subsequence B4 Two Leg Transaction Details">
            <field id="55" tag="16R" status="M" repetitive="N" firstOfSequence="Y">
                <qualifier></qualifier>
                <genericFieldName></genericFieldName>
                <detailedFieldName>Start of Block</detailedFieldName>
                <content>
                    <value>REPO</value>
                </content>
            </field>
            <field id="56" tag="98a" status="O" repetitive="N">
                <qualifier>
                    <value>TERMS</value>
                </qualifier>
                <genericFieldName>Date/Time</genericFieldName>
                <detailedFieldName>Closing Date/Time</detailedFieldName>
                <options>
                    <option name="A">
                        <format>98A</format>
                    </option>
                    <option name="B">
                        <format>98B</format>
                    </option>
                    <option name="C">
                        <format>98C</format>
                    </option>
                </options>
            </field>
            <field id="57" tag="22F" status="O" repetitive="Y" repetitiveEnd="Y" repetitiveStart="Y">
                <qualifier>
                    <format>4!c</format>
                </qualifier>
                <genericFieldName>Indicator</genericFieldName>
                <detailedFieldName></detailedFieldName>
                <content>
                    <format>22F</format>
                </content>
            </field>
            <field id="58" tag="20C" status="O" repetitive="Y" repetitiveEnd="Y" repetitiveStart="Y">
                <qualifier>
                    <format>4!c</format>
                </qualifier>
                <genericFieldName>Reference</genericFieldName>
                <detailedFieldName></detailedFieldName>
                <content>
                    <format>20C</format>
                </content>
            </field>
            <field id="59" tag="92a" status="O" repetitive="Y" repetitiveEnd="Y" repetitiveStart="Y">
                <qualifier>
                    <format>4!c</format>
                </qualifier>
                <genericFieldName>Rate</genericFieldName>
                <detailedFieldName></detailedFieldName>
                <options>
                    <option name="A">
                        <format>92A</format>
                    </option>
                    <option name="C">
                        <format>92C</format>
                    </option>
                </options>
            </field>
            <field id="60" tag="99B" status="O" repetitive="N">
                <qualifier>
                    <value>CADE</value>
                </qualifier>
                <genericFieldName>Number Count</genericFieldName>
                <detailedFieldName>Transaction Call Delay</detailedFieldName>
                <content>
                    <format>99B</format>
                </content>
            </field>
            <field id="61" tag="19A" status="O" repetitive="Y" repetitiveEnd="Y" repetitiveStart="Y">
                <qualifier>
                    <format>4!c</format>
                </qualifier>
                <genericFieldName>Amount</genericFieldName>
                <detailedFieldName></detailedFieldName>
                <content>
                    <format>19A</format>
                </content>
            </field>
            <field id="62" tag="70C" status="O" repetitive="N">
                <qualifier>
                    <value>SECO</value>
                </qualifier>
                <genericFieldName>Narrative</genericFieldName>
                <detailedFieldName>Second Leg Narrative</detailedFieldName>
                <content>
                    <format>70C</format>
                </content>
            </field>
            <field id="63" tag="16S" status="M" repetitive="N" lastOfSequence="Y">
                <qualifier></qualifier>
                <genericFieldName></genericFieldName>
                <detailedFieldName>End of Block</detailedFieldName>
                <content>
                    <value>REPO</value>
                </content>
            </field>
        </sequence>
        <sequence id="9" parentSequenceId="3" shortName="B5" repetitive="N" status="M"
            name="Mandatory Subsequence B5 Settlement Details">
            <field id="64" tag="16R" status="M" repetitive="N" firstOfSequence="Y">
                <qualifier></qualifier>
                <genericFieldName></genericFieldName>
                <detailedFieldName>Start of Block</detailedFieldName>
                <content>
                    <value>SETDET</value>
                </content>
            </field>
            <field id="65" tag="22F" status="M" repetitive="Y" repetitiveEnd="Y" repetitiveStart="Y">
                <qualifier>
                    <format>4!c</format>
                </qualifier>
                <genericFieldName>Indicator</genericFieldName>
                <detailedFieldName></detailedFieldName>
                <content>
                    <format>22F</format>
                </content>
            </field>
            <sequence id="10" parentSequenceId="9" nextSequenceId="11" repetitive="Y" status="M" shortName="B5a"
                name="Mandatory Repetitive Subsequence B5a Settlement Parties">
                <field id="66" tag="16R" status="M" repetitive="N" firstOfSequence="Y">
                    <qualifier></qualifier>
                    <genericFieldName></genericFieldName>
                    <detailedFieldName>Start of Block</detailedFieldName>
                    <content>
                        <value>SETPRTY</value>
                    </content>
                </field>
                <field id="67" tag="95a" status="M" repetitive="Y" repetitiveEnd="Y" repetitiveStart="Y">
                    <qualifier>
                        <format>4!c</format>
                    </qualifier>
                    <genericFieldName>Party</genericFieldName>
                    <detailedFieldName></detailedFieldName>
                    <options>
                        <option name="C">
                            <format>95C</format>
                        </option>
                        <option name="P">
                            <format>95P</format>
                        </option>
                        <option name="Q">
                            <format>95Q</format>
                        </option>
                        <option name="R">
                            <format>95R</format>
                        </option>
                        <option name="S">
                            <format>95S</format>
                        </option>
                    </options>
                </field>
                <field id="68" tag="97a" status="O" repetitive="N">
                    <qualifier>
                        <value>SAFE</value>
                    </qualifier>
                    <genericFieldName>Account</genericFieldName>
                    <detailedFieldName>Safekeeping Account</detailedFieldName>
                    <options>
                        <option name="A">
                            <format>97A</format>
                        </option>
                        <option name="B">
                            <format>97B</format>
                        </option>
                    </options>
                </field>
                <field id="69" tag="98a" status="O" repetitive="N">
                    <qualifier>
                        <value>PROC</value>
                    </qualifier>
                    <genericFieldName>Date/Time</genericFieldName>
                    <detailedFieldName>Processing Date/Time</detailedFieldName>
                    <options>
                        <option name="A">
                            <format>98A</format>
                        </option>
                        <option name="C">
                            <format>98C</format>
                        </option>
                    </options>
                </field>
                <field id="70" tag="20C" status="O" repetitive="N">
                    <qualifier>
                        <value>PROC</value>
                    </qualifier>
                    <genericFieldName>Reference</genericFieldName>
                    <detailedFieldName>Processing Reference</detailedFieldName>
                    <content>
                        <format>20C</format>
                    </content>
                </field>
                <field id="71" tag="70a" status="O" repetitive="Y" repetitiveEnd="Y" repetitiveStart="Y">
                    <qualifier>
                        <format>4!c</format>
                    </qualifier>
                    <genericFieldName>Narrative</genericFieldName>
                    <detailedFieldName></detailedFieldName>
                    <options>
                        <option name="C">
                            <format>70C</format>
                        </option>
                        <option name="D">
                            <format>70D</format>
                        </option>
                        <option name="E">
                            <format>70E</format>
                        </option>
                    </options>
                </field>
                <field id="72" tag="16S" status="M" repetitive="N" lastOfSequence="Y">
                    <qualifier></qualifier>
                    <genericFieldName></genericFieldName>
                    <detailedFieldName>End of Block</detailedFieldName>
                    <content>
                        <value>SETPRTY</value>
                    </content>
                </field>
            </sequence> <!-- End of Subsequence B5a -->
            <sequence id="11" parentSequenceId="9" repetitive="Y" status="O" shortName="B5b"
                name="Optional Repetitive Subsequence B5b Amount">
                <field id="73" tag="16R" status="M" repetitive="N" firstOfSequence="Y">
                    <qualifier></qualifier>
                    <genericFieldName></genericFieldName>
                    <detailedFieldName>Start of Block</detailedFieldName>
                    <content>
                        <value>AMT</value>
                    </content>
                </field>
                <field id="74" tag="19A" status="M" repetitive="Y" repetitiveEnd="Y" repetitiveStart="Y">
                    <qualifier>
                        <format>4!c</format>
                    </qualifier>
                    <genericFieldName>Amount</genericFieldName>
                    <detailedFieldName></detailedFieldName>
                    <content>
                        <format>19A</format>
                    </content>
                </field>
                <field id="75" tag="98a" status="O" repetitive="N">
                    <qualifier>
                        <value>VALU</value>
                    </qualifier>
                    <genericFieldName>Date/Time</genericFieldName>
                    <detailedFieldName>Value Date/Time</detailedFieldName>
                    <options>
                        <option name="A">
                            <format>98A</format>
                        </option>
                        <option name="C">
                            <format>98C</format>
                        </option>
                    </options>
                </field>
                <field id="76" tag="92B" status="O" repetitive="N">
                    <qualifier>
                        <value>EXCH</value>
                    </qualifier>
                    <genericFieldName>Rate</genericFieldName>
                    <detailedFieldName>Exchange Rate</detailedFieldName>
                    <content>
                        <format>92B</format>
                    </content>
                </field>
                <field id="77" tag="16S" status="M" repetitive="N" lastOfSequence="Y">
                    <qualifier></qualifier>
                    <genericFieldName></genericFieldName>
                    <detailedFieldName>End of Block</detailedFieldName>
                    <content>
                        <value>AMT</value>
                    </content>
                </field>
            </sequence> <!-- Endof Subsequence B5b -->
            <field id="78" tag="16S" status="M" repetitive="N" lastOfSequence="Y">
                <qualifier></qualifier>
                <genericFieldName></genericFieldName>
                <detailedFieldName>End of Block</detailedFieldName>
                <content>
                    <value>SETDET</value>
                </content>
            </field>
        </sequence> <!-- End of Subsequence B5 -->
        <field id="79" tag="16S" status="M" repetitive="N" lastOfSequence="Y">
            <qualifier></qualifier>
            <genericFieldName></genericFieldName>
            <detailedFieldName>End of Block</detailedFieldName>
            <content>
                <value>ALLDET</value>
            </content>
        </field>
    </sequence> <!-- End of Sequence B -->
    <sequence id="12" shortName="C" status="O" repetitive="N" name="Optional Sequence C Additional Information">
        <field id="80" tag="16R" status="M" repetitive="N" firstOfSequence="Y">
            <qualifier></qualifier>
            <genericFieldName></genericFieldName>
            <detailedFieldName>Start of Block</detailedFieldName>
            <content>
                <value>ADDINFO</value>
            </content>
        </field>
        <field id="81" tag="95a" status="O" repetitive="Y" repetitiveEnd="Y" repetitiveStart="Y">
            <qualifier>
                <format>4!c</format>
            </qualifier>
            <genericFieldName>Party</genericFieldName>
            <detailedFieldName></detailedFieldName>
            <options>
                <option name="C">
                    <format>95C</format>
                </option>
                <option name="P">
                    <format>95P</format>
                </option>
                <option name="Q">
                    <format>95Q</format>
                </option>
                <option name="R">
                    <format>95R</format>
                </option>
                <option name="S">
                    <format>95S</format>
                </option>
            </options>
        </field>
        <field id="82" tag="16S" status="M" repetitive="N" lastOfSequence="Y">
            <qualifier></qualifier>
            <genericFieldName></genericFieldName>
            <detailedFieldName>End of Block</detailedFieldName>
            <content>
                <value>ADDINFO</value>
            </content>
        </field>
    </sequence>    <!-- End of Sequence C -->
</mt>